t	x	y	theta	v	omega	v	omega
0	1.05034e-08	-1.7619e-09	0.000729318	6.26154e-05	0.00028083	0.1	0
0.074	0.0100489	4.68955e-06	0.00011259	0.150151	-0.00317709	0.2	0
0.133	0.0202322	4.74136e-06	-0.000110668	0.197147	-0.00528079	0.25	0
0.183	0.0304183	2.27488e-06	-0.000378871	0.200344	-0.00533892	0.3	0
0.227	0.0407886	-2.7666e-06	-0.000580181	0.249016	-0.00276913	0.3	0
0.27	0.0508139	-9.4986e-06	-0.000819594	0.250319	-0.00602459	0.35	0
0.308	0.0608547	-1.88966e-05	-0.00104972	0.290981	-0.00474602	0.35	0
0.343	0.0709529	-3.03565e-05	-0.00124064	0.300414	-0.00659341	0.35	0
0.377	0.081173	-4.43585e-05	-0.00150659	0.300336	-0.00733843	0.35	0
0.41	0.0912812	-6.07663e-05	-0.00174011	0.339661	-0.00677749	0.4	0
0.439	0.101303	-7.92093e-05	-0.00196241	0.350141	-0.00892382	0.4	0
0.468	0.111473	-0.000100491	-0.00223565	0.350315	-0.00873745	0.45	0
0.497	0.121633	-0.000124454	-0.00249233	0.350399	-0.00906653	0.45	0
0.523	0.131648	-0.000150264	-0.00262407	0.396285	-0.00256731	0.45	0
0.549	0.142019	-0.000178456	-0.00284711	0.400838	-0.0111187	0.45	0
0.574	0.152032	-0.000208288	-0.00311484	0.40033	-0.0096562	0.45	0
0.599	0.162041	-0.000240629	-0.00335797	0.400401	-0.00979986	0.5	0
0.621	0.172045	-0.000275248	-0.00356082	0.445093	-0.00829646	0.5	0
0.645	0.182369	-0.000313141	-0.00380054	0.451113	-0.0110137	0.5	0
0.668	0.192732	-0.000353958	-0.00409054	0.450307	-0.0109432	0.5	0
0.691	0.203091	-0.000397576	-0.00434246	0.450401	-0.0110004	0.5	0
0.712	0.213403	-0.000443556	-0.00456948	0.493591	-0.00850137	0.5	0
0.734	0.223824	-0.000492099	-0.00477232	0.497971	-0.011975	0.5	0
0.754	0.23383	-0.000541008	-0.00502229	0.500824	-0.0134706	0.5	0
0.774	0.243839	-0.000592546	-0.00528443	0.500329	-0.0124313	0.5	0
0.793	0.253846	-0.000646609	-0.00553241	0.500403	-0.0123391	0.5	0
0.812	0.263854	-0.00070315	-0.00577962	0.500395	-0.0124009	0.5	0
0.834	0.273862	-0.000762172	-0.0060284	0.500401	-0.0125086	0.5	0
0.855	0.28434	-0.000826646	-0.00628829	0.499199	-0.0121599	0.5	0
0.875	0.294344	-0.000890709	-0.00653182	0.500586	-0.0122023	0.5	0
0.895	0.304345	-0.0009572	-0.00677799	0.49986	-0.0124671	0.5	0
0.916	0.314844	-0.00102967	-0.00703923	0.500048	-0.0124037	0.5	0
0.936	0.324844	-0.00110125	-0.00728918	0.499915	-0.0126131	0.5	0
0.957	0.335343	-0.00117908	-0.00754562	0.500025	-0.011769	0.5	0
0.978	0.345843	-0.00125957	-0.0078016	0.500048	-0.0125724	0.5	0
0.999	0.356343	-0.00134281	-0.00806746	0.499927	-0.0127251	0.5	0
1.02	0.366842	-0.00142882	-0.00832409	0.500046	-0.0119102	0.5	0
1.041	0.377342	-0.0015175	-0.00858077	0.499984	-0.0123791	0.5	0
1.062	0.387842	-0.00160891	-0.00884544	0.49997	-0.0126933	0.5	0
1.083	0.398341	-0.00170309	-0.00910271	0.499992	-0.0121127	0.5	0
1.104	0.408841	-0.00179992	-0.00935424	0.500008	-0.0119456	0.5	0
1.125	0.41934	-0.00189945	-0.009618	0.499998	-0.0126626	0.5	0
1.146	0.42984	-0.00200174	-0.00987805	0.499968	-0.0123538	0.5	0
1.167	0.440339	-0.00210672	-0.0101299	0.500021	-0.0119733	0.5	0
1.188	0.450839	-0.00221441	-0.0103955	0.499991	-0.0128709	0.5	0
1.209	0.461338	-0.00232491	-0.0106643	0.499952	-0.0121249	0.5	0
1.228	0.471838	-0.00243816	-0.0109189	0.500091	-0.0121216	0.5	0
1.25	0.482337	-0.00255408	-0.0111766	0.499947	-0.0129017	0.5	0
1.272	0.492836	-0.00267277	-0.0114439	0.499996	-0.0121803	0.5	0
1.293	0.503336	-0.00279422	-0.0116998	0.500076	-0.0122077	0.5	0
1.314	0.513835	-0.00291835	-0.0119593	0.499908	-0.0126448	0.5	0
1.335	0.524334	-0.00304524	-0.0122223	0.500026	-0.0123361	0.5	0
1.356	0.534834	-0.00317487	-0.0124806	0.500054	-0.0122511	0.5	0
1.377	0.545333	-0.0033072	-0.0127392	0.499884	-0.012378	0.5	0
1.398	0.555831	-0.00344225	-0.0129992	0.500099	-0.012384	0.5	0
1.419	0.566331	-0.00358005	-0.0132583	0.499996	-0.0123072	0.5	0
1.439	0.576829	-0.00372054	-0.0135183	0.499929	-0.0124225	0.5	0
1.461	0.587329	-0.00386377	-0.0137736	0.50013	-0.0120261	0.5	0
1.482	0.597828	-0.00400967	-0.014031	0.49994	-0.012377	0.5	0
1.501	0.608326	-0.00415829	-0.0142932	0.499971	-0.0125174	0.5	0
1.524	0.618826	-0.00430968	-0.014556	0.500081	-0.0125152	0.5	0
1.545	0.629325	-0.00446381	-0.0148136	0.499945	-0.0122076	0.5	0
1.566	0.639823	-0.00462066	-0.0150774	0.499976	-0.0125999	0.5	0
1.587	0.650322	-0.00478029	-0.0153411	0.500052	-0.0125525	0.5	0
1.607	0.660821	-0.00494261	-0.0155911	0.49991	-0.0124311	0.5	0
1.629	0.671319	-0.00510761	-0.0158526	0.500028	-0.0126783	0.5	0
1.65	0.681818	-0.00527539	-0.016117	0.500024	-0.0120691	0.5	0
1.669	0.692317	-0.00544588	-0.0163695	0.499948	-0.0118254	0.5	0
1.692	0.702815	-0.00561899	-0.0166219	0.500029	-0.0126319	0.5	0
1.713	0.713314	-0.00579484	-0.0168884	0.50001	-0.0128412	0.5	0
1.733	0.723812	-0.0059735	-0.0171517	0.499956	-0.0119276	0.5	0
1.755	0.734311	-0.00615485	-0.0174067	0.499984	-0.0124911	0.5	0
1.776	0.744809	-0.00633892	-0.0176727	0.500054	-0.0128995	0.5	0
1.797	0.755308	-0.00652582	-0.0179349	0.50003	-0.0120389	0.5	0
1.818	0.765806	-0.00671538	-0.0181877	0.499937	-0.0120374	0.5	0
1.839	0.776304	-0.00690764	-0.0184505	0.50009	-0.0128693	0.5	0
1.86	0.786802	-0.00710268	-0.0187128	0.499966	-0.0122555	0.5	0
1.881	0.7973	-0.00730044	-0.0189683	0.499941	-0.0121217	0.5	0
1.902	0.807799	-0.00750089	-0.0192295	0.50007	-0.0125677	0.5	0
1.923	0.818297	-0.00770409	-0.01949	0.499928	-0.012351	0.5	0
1.944	0.828794	-0.00791001	-0.0197478	0.499949	-0.0122604	0.5	0
1.965	0.839293	-0.00811864	-0.0200058	0.500129	-0.0122871	0.5	0
1.985	0.849791	-0.00832999	-0.0202657	0.4999	-0.0123854	0.5	0
2.007	0.860288	-0.00854405	-0.0205248	0.500016	-0.0123369	0.5	0
2.028	0.870786	-0.00876085	-0.0207836	0.50008	-0.0127685	0.5	0
2.049	0.881284	-0.00898039	-0.0210509	0.499881	-0.0123126	0.5	0
2.068	0.891781	-0.0092027	-0.02131	0.500056	-0.0124914	0.5	0
2.091	0.902279	-0.00942776	-0.0215721	0.500009	-0.0124505	0.5	0
2.111	0.912776	-0.00965555	-0.0218323	0.499922	-0.0121971	0.5	0
2.133	0.923274	-0.00988605	-0.0220902	0.500057	-0.012488	0.5	0
2.154	0.933771	-0.0101193	-0.0223532	0.499975	-0.0125933	0.5	0
2.175	0.944269	-0.0103553	-0.0226116	0.499957	-0.0118431	0.5	0
2.195	0.954766	-0.010594	-0.0228653	0.500042	-0.0123935	0.5	0
2.216	0.965263	-0.0108353	-0.023128	0.499992	-0.0126423	0.5	0
2.237	0.97576	-0.0110795	-0.0233891	0.499953	-0.0122425	0.5	0
2.259	0.986257	-0.0113263	-0.0236451	0.500038	-0.0121491	0.5	0
2.28	0.996754	-0.0115759	-0.0239076	0.499959	-0.0127121	0.5	0
2.301	1.00725	-0.0118282	-0.0241748	0.500003	-0.0127345	0.5	0
2.322	1.01775	-0.0120833	-0.0244286	0.49998	-0.011824	0.5	0
2.343	1.02825	-0.0123411	-0.0246902	0.500019	-0.0126554	0.5	0
2.364	1.03874	-0.0126016	-0.0249596	0.499985	-0.0128708	0.5	0
2.385	1.04924	-0.0128649	-0.0252142	0.500002	-0.0119966	0.5	0
2.406	1.05974	-0.0131309	-0.0254665	0.500009	-0.0120153	0.5	0
2.427	1.07023	-0.0133997	-0.0257367	0.499973	-0.0129121	0.5	0
2.448	1.08073	-0.0136711	-0.0259926	0.500003	-0.0120571	0.5	0
2.469	1.09122	-0.0139453	-0.0262471	0.50007	-0.0127316	0.5	0
2.489	1.10172	-0.0142222	-0.0265134	0.499896	-0.0123564	0.5	0
2.511	1.11222	-0.0145018	-0.0267718	0.50007	-0.012087	0.5	0
2.532	1.12271	-0.0147842	-0.0270264	0.500009	-0.0122529	0.5	0
2.553	1.13321	-0.0150692	-0.027286	0.49992	-0.0126303	0.5	0
2.572	1.14521	-0.0153984	-0.027585	0.500076	-0.0122145	0.5	0
2.598	1.1557	-0.0156892	-0.0278433	0.499889	-0.0123795	0.5	0
2.618	1.1662	-0.0159829	-0.0281073	0.500048	-0.0127116	0.5	0
2.64	1.17669	-0.0162793	-0.0283691	0.499993	-0.0123159	0.5	0
2.661	1.18719	-0.0165784	-0.028629	0.499906	-0.0124084	0.5	0
2.682	1.19768	-0.0168803	-0.0288892	0.500115	-0.012386	0.5	0
2.702	1.20818	-0.0171849	-0.0291478	0.499957	-0.0122928	0.5	0
2.724	1.21868	-0.0174922	-0.0294101	0.499922	-0.0125367	0.5	0
2.744	1.22917	-0.0178022	-0.0296728	0.500101	-0.0125054	0.5	0
2.766	1.23967	-0.018115	-0.0299219	0.499947	-0.0117937	0.5	0
2.787	1.25016	-0.0184304	-0.0301826	0.499965	-0.0124421	0.5	0
2.808	1.26066	-0.0187486	-0.0304478	0.500106	-0.0121687	0.5	0
2.829	1.27115	-0.0190696	-0.0307032	0.499942	-0.012114	0.5	0
2.849	1.28165	-0.0193932	-0.0309594	0.500027	-0.0127149	0.5	0
2.87	1.29214	-0.0197195	-0.0312251	0.500027	-0.0122774	0.5	0
2.892	1.30264	-0.0200486	-0.0314809	0.499961	-0.0117752	0.5	0
2.913	1.31313	-0.0203804	-0.0317331	0.500012	-0.0127484	0.5	0
2.934	1.32363	-0.0207149	-0.0320011	0.500015	-0.0127935	0.5	0
2.955	1.33412	-0.0210521	-0.0322632	0.499967	-0.011863	0.5	0
2.976	1.34461	-0.0213921	-0.0325179	0.499982	-0.0125522	0.5	0
2.997	1.35511	-0.0217348	-0.0327849	0.500006	-0.0129392	0.5	0
3.018	1.3656	-0.0220803	-0.0330515	0.500027	-0.0123714	0.5	0
3.039	1.3761	-0.0224286	-0.0333088	0.499924	-0.0121195	0.5	0
3.06	1.38659	-0.0227796	-0.0335727	0.500094	-0.0129685	0.5	0
3.081	1.39709	-0.0231334	-0.0338351	0.49999	-0.012146	0.5	0
3.102	1.40758	-0.0234898	-0.0340901	0.499942	-0.0121405	0.5	0
3.123	1.41807	-0.023849	-0.0343541	0.500126	-0.0127868	0.5	0
3.144	1.42857	-0.024211	-0.0346157	0.499945	-0.0123247	0.5	0
3.165	1.43906	-0.0245756	-0.0348718	0.499958	-0.0121547	0.5	0
3.186	1.44955	-0.024943	-0.0351299	0.50013	-0.012322	0.5	0
3.207	1.46005	-0.0253131	-0.0353916	0.499879	-0.0124817	0.5	0
3.228	1.47054	-0.0256859	-0.03565	0.500028	-0.0122893	0.5	0
3.249	1.48104	-0.0260615	-0.0359094	0.500066	-0.0123562	0.5	0
3.27	1.49153	-0.0264397	-0.0361678	0.499883	-0.0123605	0.5	0
3.291	1.50202	-0.0268207	-0.0364276	0.500061	-0.0124758	0.5	0
3.31	1.51251	-0.0272044	-0.0366895	0.500028	-0.0124411	0.5	0
3.333	1.52301	-0.0275909	-0.0369503	0.499891	-0.0123289	0.5	0
3.354	1.5335	-0.0279801	-0.0372099	0.500078	-0.0124788	0.5	0
3.375	1.54399	-0.028372	-0.0374729	0.499998	-0.0126216	0.5	0
3.396	1.55448	-0.0287667	-0.0377327	0.499914	-0.0118786	0.5	0
3.417	1.56498	-0.029164	-0.0379867	0.500065	-0.0124439	0.5	0
3.438	1.57547	-0.0295641	-0.0382509	0.499961	-0.0127687	0.5	0
3.459	1.58596	-0.029967	-0.0385109	0.499971	-0.011948	0.5	0
3.48	1.59645	-0.0303725	-0.0387645	0.500054	-0.0121933	0.5	0
3.501	1.60695	-0.0307807	-0.0390264	0.499985	-0.0126853	0.5	0
3.521	1.61744	-0.0311917	-0.0392876	0.500013	-0.0122832	0.5	0
3.542	1.62793	-0.0316054	-0.0395397	0.499981	-0.011864	0.5	0
3.564	1.63842	-0.0320217	-0.0398012	0.499965	-0.0126905	0.5	0
3.585	1.64891	-0.0324409	-0.0400692	0.500009	-0.012782	0.5	0
3.606	1.65941	-0.0328628	-0.0403239	0.499996	-0.0119731	0.5	0
3.627	1.6699	-0.0332874	-0.0405833	0.500015	-0.0124156	0.5	0
3.648	1.68039	-0.0337147	-0.0408526	0.499961	-0.0128675	0.5	0
3.669	1.69088	-0.0341448	-0.041107	0.500017	-0.0120782	0.5	0
3.69	1.70137	-0.0345776	-0.0413622	0.500041	-0.012886	0.5	0
3.711	1.71186	-0.0350131	-0.0416315	0.499908	-0.0122514	0.5	0
3.732	1.72235	-0.0354514	-0.0418887	0.500052	-0.0122169	0.5	0
3.753	1.73284	-0.0358924	-0.0421455	0.500042	-0.0122866	0.5	0
3.773	1.74333	-0.0363361	-0.0424041	0.499888	-0.0123977	0.5	0
3.795	1.75382	-0.0367825	-0.0426636	0.500124	-0.0122559	0.5	0
3.815	1.76431	-0.0372316	-0.0429217	0.499984	-0.012367	0.5	0
3.837	1.7748	-0.0376834	-0.0431821	0.499936	-0.0124467	0.5	0
3.858	1.78529	-0.038138	-0.0434427	0.500151	-0.0123577	0.5	0
3.879	1.79578	-0.0385953	-0.0437026	0.499883	-0.0124011	0.5	0
3.899	1.80627	-0.0390553	-0.0439629	0.499991	-0.0123856	0.5	0
3.914	1.81726	-0.0395402	-0.0442346	0.500067	-0.0123318	0.5	0
3.943	1.82775	-0.0400058	-0.0444949	0.499896	-0.0124274	0.5	0
3.964	1.83824	-0.0404742	-0.044757	0.500058	-0.0125054	0.5	0
3.985	1.84873	-0.0409452	-0.0450097	0.499991	-0.0118832	0.5	0
4.006	1.85922	-0.0414189	-0.0452691	0.499944	-0.0124644	0.5	0
4.027	1.86971	-0.0418954	-0.0455346	0.500055	-0.0126715	0.5	0
4.048	1.8802	-0.0423747	-0.0457877	0.500005	-0.0119897	0.5	0
4.069	1.89069	-0.0428566	-0.0460457	0.499937	-0.0123001	0.5	0
4.09	1.90118	-0.0433412	-0.0463117	0.50005	-0.0122274	0.5	0
4.111	1.91167	-0.0438286	-0.0465678	0.499974	-0.0118757	0.5	0
4.132	1.92216	-0.0443186	-0.0468194	0.499979	-0.0126075	0.5	0
4.153	1.93264	-0.0448113	-0.047085	0.499982	-0.0128273	0.5	0
4.174	1.94313	-0.0453069	-0.0473498	0.50003	-0.0119143	0.5	0
4.194	1.95362	-0.0458051	-0.0476033	0.50001	-0.0124578	0.5	0
4.216	1.96411	-0.0463061	-0.0478677	0.499977	-0.0128601	0.5	0
4.237	1.9746	-0.0468099	-0.0481319	0.500013	-0.0121312	0.5	0
4.258	1.98508	-0.0473163	-0.0483857	0.499999	-0.0120258	0.5	0
4.279	1.99557	-0.0478254	-0.0486459	0.499968	-0.0127856	0.5	0
4.3	2.00606	-0.0483374	-0.0489084	0.500082	-0.0122447	0.5	0
4.32	2.01655	-0.048852	-0.0491643	0.499894	-0.0121396	0.5	0
4.342	2.02703	-0.0493693	-0.0494258	0.500034	-0.0126412	0.5	0
4.363	2.03752	-0.0498894	-0.0496876	0.500046	-0.0123824	0.5	0
4.384	2.04801	-0.0504121	-0.049946	0.499903	-0.0122763	0.5	0
4.405	2.05849	-0.0509377	-0.0502043	0.500065	-0.0123062	0.5	0
4.426	2.06898	-0.0514659	-0.0504646	0.499966	-0.0124157	0.5	0
4.447	2.07947	-0.0519968	-0.0507237	0.499917	-0.0123242	0.5	0
4.468	2.08995	-0.0525305	-0.0509823	0.500132	-0.0123116	0.5	0
4.489	2.10044	-0.0530669	-0.051248	0.499938	-0.0126909	0.5	0
4.51	2.11093	-0.053606	-0.0515072	0.499966	-0.0123894	0.5	0
4.531	2.12141	-0.0541479	-0.0517675	0.500161	-0.0124713	0.5	0
4.551	2.1319	-0.0546926	-0.0520283	0.499903	-0.0121034	0.5	0
4.573	2.14238	-0.0552399	-0.052284	0.50001	-0.0124815	0.5	0
4.594	2.15287	-0.0557899	-0.0525463	0.500085	-0.0125097	0.5	0
4.615	2.16336	-0.0563427	-0.0528057	0.499927	-0.0119688	0.5	0
4.636	2.17384	-0.0568982	-0.0530599	0.500012	-0.012369	0.5	0
4.657	2.18433	-0.0574563	-0.0533215	0.50004	-0.0126094	0.5	0
4.677	2.19481	-0.0580173	-0.0535873	0.499904	-0.012713	0.5	0
4.699	2.2053	-0.058581	-0.0538445	0.500061	-0.0117359	0.5	0
4.72	2.21578	-0.0591473	-0.0541011	0.500003	-0.0126596	0.5	0
4.741	2.22626	-0.0597165	-0.0543683	0.499958	-0.0127755	0.5	0
4.762	2.23675	-0.0602883	-0.0546246	0.500029	-0.0118498	0.5	0
4.783	2.24723	-0.0608629	-0.0548822	0.500032	-0.0124746	0.5	0
4.802	2.25772	-0.0614402	-0.0551505	0.499967	-0.0128996	0.5	0
4.825	2.2682	-0.0620203	-0.0554068	0.499973	-0.0119841	0.5	0
4.846	2.27869	-0.062603	-0.0556586	0.500041	-0.0119941	0.5	0
4.867	2.28917	-0.0631885	-0.0559258	0.500034	-0.0128479	0.5	0
4.888	2.29965	-0.0637766	-0.056186	0.499949	-0.0123378	0.5	0
4.908	2.31014	-0.0643676	-0.0564373	0.500075	-0.011952	0.5	0
4.929	2.32062	-0.0649612	-0.0567011	0.499934	-0.0124158	0.5	0
4.951	2.3311	-0.0655575	-0.0569612	0.499965	-0.0121118	0.5	0
4.971	2.34258	-0.0662137	-0.0572404	0.50001	-0.012246	0.5	0
4.995	2.35307	-0.0668157	-0.0574993	0.499911	-0.0125377	0.5	0
5.016	2.36355	-0.0674204	-0.0577609	0.500057	-0.0122866	0.5	0
5.037	2.37403	-0.0680279	-0.0580185	0.499991	-0.0122322	0.5	0
5.058	2.38451	-0.068638	-0.058277	0.499905	-0.0124192	0.5	0
5.079	2.395	-0.0692509	-0.0585368	0.500135	-0.0123127	0.5	0
5.098	2.40747	-0.069984	-0.0588458	0.499907	-0.0123946	0.5	0
5.125	2.41796	-0.0706028	-0.0591051	0.500111	-0.0123344	0.5	0
5.146	2.42844	-0.0712244	-0.0593629	0.499983	-0.0122601	0.5	0
5.167	2.43892	-0.0718486	-0.0596233	0.499939	-0.0124222	0.5	0
5.188	2.4494	-0.0724756	-0.0598843	0.50015	-0.0124289	0.5	0
5.209	2.45988	-0.0731053	-0.060139	0.499929	-0.0121169	0.5	0
5.23	2.47036	-0.0737376	-0.0603982	0.499992	-0.0125918	0.5	0
5.251	2.48084	-0.0743728	-0.0606627	0.500094	-0.0126148	0.5	0
5.272	2.49132	-0.0750106	-0.0609261	0.499903	-0.0121149	0.5	0
5.29	2.5028	-0.0757124	-0.0612079	0.500099	-0.0126437	0.5	0
5.316	2.51328	-0.076356	-0.0614738	0.499965	-0.0127071	0.5	0
5.336	2.52376	-0.0770024	-0.0617337	0.499983	-0.0118362	0.5	0
5.358	2.53424	-0.0776514	-0.0619889	0.500058	-0.0125659	0.5	0
5.378	2.54472	-0.0783032	-0.0622545	0.499995	-0.0127371	0.5	0
5.4	2.5552	-0.0789578	-0.0625145	0.500004	-0.0120628	0.5	0
5.421	2.56568	-0.079615	-0.0627664	0.499992	-0.0119404	0.5	0
5.442	2.57616	-0.0802749	-0.0630276	0.500021	-0.0127491	0.5	0
5.463	2.58664	-0.0809376	-0.0632883	0.499994	-0.0122479	0.5	0
5.483	2.59712	-0.0816029	-0.0635424	0.499978	-0.0120359	0.5	0
5.505	2.6076	-0.082271	-0.0638049	0.500049	-0.0126441	0.5	0
5.526	2.61808	-0.0829418	-0.064068	0.499946	-0.0125064	0.5	0
5.547	2.62855	-0.0836153	-0.0643227	0.500001	-0.0120633	0.5	0
5.568	2.63903	-0.0842915	-0.0645788	0.500068	-0.0122098	0.5	0
5.589	2.64951	-0.0849705	-0.0648509	0.499897	-0.0129921	0.5	0
5.61	2.65999	-0.0856522	-0.065107	0.500035	-0.0123133	0.5	0
5.631	2.67047	-0.0863367	-0.0653662	0.500044	-0.0126041	0.5	0
5.651	2.68194	-0.0870894	-0.0656547	0.499942	-0.0123376	0.5	0
5.675	2.69242	-0.0877796	-0.0659138	0.50017	-0.0123331	0.5	0.02618
5.695	2.7029	-0.0884725	-0.0661727	0.499876	-0.0123249	0.5	0.02618
5.717	2.71337	-0.0891681	-0.0664323	0.499979	-0.0124211	0.5	0.02618
5.737	2.72385	-0.0898664	-0.0666927	0.500062	-0.0123728	0.5	0.02618
5.759	2.73433	-0.0905674	-0.0669528	0.499895	-0.0124017	0.5	0.02618
5.78	2.7448	-0.0912712	-0.0672095	0.500004	-0.0120605	0.5	0.02618
5.801	2.75528	-0.0919777	-0.0674664	0.500032	-0.0123608	0.5	0.05236
5.822	2.76575	-0.0926864	-0.0675684	0.499912	-0.00024115	0.5	0.05236
5.842	2.77623	-0.0933945	-0.0673178	0.50004	0.0180226	0.5	0.05236
5.864	2.78671	-0.0940991	-0.0670027	0.500056	0.0137961	0.5	0.05236
5.885	2.79718	-0.0948007	-0.0667201	0.499914	0.0133532	0.5	0.07854
5.906	2.80766	-0.0954993	-0.066436	0.499981	0.0135714	0.5	0.07854
5.927	2.81814	-0.0961942	-0.0659557	0.500041	0.0244183	0.5	0.07854
5.948	2.82861	-0.0968819	-0.0650641	0.499946	0.0443562	0.5	0.07854
5.969	2.83909	-0.0975604	-0.0642284	0.500021	0.0395703	0.5	0.07854
5.989	2.84957	-0.0982302	-0.0633869	0.500003	0.0401742	0.5	0.07854
6.01	2.86005	-0.0988911	-0.06252	0.499996	0.0517995	0.5	0.10472
6.031	2.87053	-0.0995417	-0.0613752	0.499978	0.0707812	0.5	0.10472
6.053	2.88101	-0.100178	-0.0599057	0.50001	0.0665712	0.5	0.10472
6.074	2.89149	-0.1008	-0.0585137	0.499991	0.0653686	0.5	0.10472
6.095	2.90198	-0.101407	-0.0571364	0.499981	0.066126	0.5	0.1309
6.116	2.91246	-0.102	-0.0556721	0.500023	0.0769327	0.5	0.1309
6.137	2.92294	-0.102576	-0.0539221	0.499936	0.0961429	0.5	0.1309
6.158	2.93343	-0.103132	-0.0519342	0.500037	0.092249	0.5	0.1309
6.179	2.94392	-0.103667	-0.0499952	0.500062	0.0924451	0.5	0.15708
6.2	2.9544	-0.104182	-0.0480572	0.499925	0.0921143	0.5	0.15708
6.221	2.96489	-0.104676	-0.0459676	0.500195	0.106221	0.5	0.15708
6.242	2.97538	-0.105147	-0.0435346	0.499929	0.123086	0.5	0.15708
6.263	2.98587	-0.105591	-0.0410098	0.499973	0.118467	0.5	0.15708
6.284	2.99636	-0.106009	-0.0385276	0.500097	0.118064	0.5	0.15708
6.302	3.00686	-0.106401	-0.0360384	0.499892	0.118723	0.5	0.18326
6.326	3.01735	-0.106767	-0.0335472	0.500018	0.118589	0.5	0.18326
6.347	3.02784	-0.107105	-0.0305488	0.50003	0.148473	0.5	0.18326
6.368	3.03834	-0.10741	-0.0275021	0.499907	0.144516	0.5	0.18326
6.389	3.04884	-0.107684	-0.0244678	0.500088	0.144488	0.5	0.20944
6.41	3.05933	-0.107926	-0.0214401	0.499962	0.144143	0.5	0.20944
6.431	3.06983	-0.108134	-0.0181304	0.499944	0.17524	0.5	0.20944
6.452	3.08033	-0.108306	-0.0144597	0.50019	0.170552	0.5	0.20944
6.472	3.09083	-0.10844	-0.0108775	0.499898	0.170777	0.5	0.20944
6.492	3.10133	-0.108537	-0.00729129	0.500014	0.170737	0.5	0.23562
6.514	3.11133	-0.108593	-0.00381194	0.500114	0.186888	0.5	0.23562
6.534	3.12133	-0.108614	-1.34729e-05	0.499917	0.202066	0.5	0.23562
6.555	3.13183	-0.108593	0.00420208	0.499993	0.196501	0.5	0.23562
6.575	3.14183	-0.108532	0.00813197	0.500071	0.196476	0.5	0.2618
6.596	3.15233	-0.108426	0.0122663	0.499891	0.197867	0.5	0.2618
6.617	3.16283	-0.108276	0.0164996	0.500041	0.209017	0.5	0.2618
6.638	3.17332	-0.108081	0.0210339	0.500102	0.227134	0.5	0.2618
6.658	3.18382	-0.107836	0.0257733	0.499939	0.223752	0.5	0.2618
6.68	3.19432	-0.107542	0.0304635	0.50004	0.222895	0.5	0.2618
6.701	3.20481	-0.107199	0.0351427	0.499944	0.22275	0.5	0.28798
6.722	3.2153	-0.106806	0.0399512	0.499992	0.233651	0.5	0.28798
6.743	3.2258	-0.106361	0.0451231	0.499972	0.254053	0.5	0.28798
6.764	3.23628	-0.105861	0.0503843	0.499942	0.248775	0.5	0.28798
6.785	3.24677	-0.105307	0.0556195	0.500004	0.249499	0.5	0.31416
6.806	3.25725	-0.104697	0.0608708	0.500261	0.250238	0.5	0.31416
6.827	3.26773	-0.104031	0.0663738	0.499988	0.264826	0.5	0.31416
6.847	3.2782	-0.103305	0.0722078	0.499935	0.279973	0.5	0.31416
6.869	3.28868	-0.102519	0.0780111	0.499995	0.275968	0.5	0.34034
6.89	3.29914	-0.101672	0.08378	0.49999	0.274645	0.5	0.34034
6.91	3.3096	-0.100764	0.0895862	0.499981	0.288431	0.5	0.34034
6.932	3.32006	-0.0997947	0.0956772	0.499988	0.305453	0.5	0.34034
6.952	3.331	-0.0987088	0.102383	0.499926	0.301975	0.5	0.34034
6.974	3.34145	-0.097604	0.108725	0.500085	0.301959	0.5	0.34034
6.996	3.35188	-0.0964332	0.115061	0.499891	0.301103	0.5	0.36652
7.017	3.36231	-0.0951962	0.121487	0.500024	0.315857	0.5	0.36652
7.038	3.37273	-0.0938905	0.128255	0.50021	0.332735	0.5	0.36652
7.059	3.38313	-0.092513	0.135192	0.499882	0.327117	0.5	0.36652
7.08	3.39353	-0.0910638	0.142068	0.500267	0.327719	0.5	0.3927
7.101	3.40392	-0.089543	0.148957	0.499898	0.328353	0.5	0.3927
7.122	3.4143	-0.0879501	0.156044	0.49996	0.344349	0.5	0.3927
7.143	3.42467	-0.086282	0.163456	0.500241	0.358279	0.5	0.3927
7.164	3.43502	-0.0845365	0.17092	0.499877	0.354008	0.5	0.3927
7.185	3.44536	-0.082714	0.178355	0.500069	0.354015	0.5	0.3927
7.206	3.45569	-0.0808145	0.185792	0.499955	0.354194	0.5	0.41888
7.227	3.466	-0.0788373	0.193504	0.499931	0.370311	0.5	0.41888
7.248	3.4763	-0.0767789	0.201535	0.500293	0.38446	0.5	0.41888
7.269	3.48658	-0.074638	0.209524	0.499861	0.379994	0.5	0.41888
7.289	3.49684	-0.0724151	0.217507	0.500046	0.380134	0.5	0.44506
7.312	3.50757	-0.0699983	0.225899	0.499896	0.392135	0.5	0.44506
7.333	3.51828	-0.0674904	0.234601	0.499978	0.410924	0.5	0.44506
7.356	3.52897	-0.0648872	0.243613	0.499942	0.406232	0.5	0.44506
7.378	3.53963	-0.0621886	0.25255	0.499954	0.406221	0.5	0.47124
7.4	3.55027	-0.0593944	0.26149	0.500012	0.406506	0.5	0.47124
7.422	3.56088	-0.0565055	0.270432	0.49995	0.406394	0.5	0.47124
7.444	3.57147	-0.0535201	0.279792	0.500051	0.436407	0.5	0.47124
7.466	3.58203	-0.0504344	0.289346	0.499886	0.433474	0.5	0.47124
7.488	3.59256	-0.0472479	0.298852	0.500098	0.431738	0.5	0.47124
7.51	3.60353	-0.0438099	0.308817	0.499901	0.444594	0.5	0.49742
7.534	3.61447	-0.0402608	0.319116	0.500312	0.462841	0.5	0.49742
7.557	3.62537	-0.0365978	0.329734	0.499909	0.458942	0.5	0.49742
7.58	3.63623	-0.0328191	0.340282	0.500308	0.458223	0.5	0.49742
7.601	3.64705	-0.0289266	0.350823	0.499918	0.458357	0.5	0.5236
7.626	3.65783	-0.024919	0.361569	0.499999	0.471095	0.5	0.5236
7.65	3.66903	-0.020612	0.373232	0.500002	0.488924	0.5	0.5236
7.674	3.68018	-0.0161743	0.384856	0.499884	0.485069	0.5	0.5236
7.698	3.69128	-0.0116072	0.396493	0.500031	0.484531	0.5	0.5236
7.723	3.70278	-0.00671253	0.408801	0.499976	0.499443	0.5	0.5236
7.748	3.71422	-0.00167382	0.421582	0.499856	0.51585	0.5	0.5236
7.772	3.72605	0.00372164	0.434865	0.500305	0.511482	0.5	0.5236
7.8	3.7378	0.00927338	0.448162	0.500022	0.51135	0.5	0.5236
7.826	3.74948	0.014981	0.461442	0.499935	0.510398	0.5	0.5236
7.852	3.76109	0.0208435	0.474744	0.499902	0.511207	0.5	0.5236
7.879	3.77305	0.0270941	0.488539	0.500282	0.510372	0.5	0.5236
7.907	3.78537	0.0337497	0.502858	0.499976	0.512164	0.5	0.5236
7.935	3.79759	0.0405812	0.517166	0.49999	0.510213	0.5	0.5236
7.964	3.81014	0.0478401	0.53199	0.499986	0.512189	0.5	0.5236
7.994	3.82301	0.0555443	0.547321	0.499995	0.510142	0.5	0.5236
8.024	3.83576	0.0634448	0.562655	0.499942	0.512257	0.5	0.5236
8.055	3.84881	0.0718132	0.57849	0.499944	0.509987	0.5	0.5236
8.088	3.86255	0.0809472	0.59536	0.500293	0.51223	0.5	0.5236
8.122	3.87654	0.090599	0.612727	0.499943	0.511123	0.5	0.5236
8.158	3.89117	0.101082	0.631141	0.499919	0.51027	0.5	0.5236
8.196	3.90641	0.112437	0.650563	0.499937	0.512051	0.5	0.5236
8.237	3.92259	0.125019	0.671515	0.500298	0.511563	0.5	0.5236
8.282	3.94005	0.139215	0.694525	0.500326	0.509892	0.5	0.5236
8.333	3.95943	0.155784	0.720603	0.49994	0.509732	0.5	0.5236
8.398	3.9835	0.177623	0.753821	0.499929	0.510852	0.5	0.5236
8.498	4.01907	0.212753	0.804951	0.499861	0.511341	0.5	0.5236
8.598	4.0528	0.249654	0.856081	0.500297	0.511236	0.5	0.5236
8.699	4.08491	0.288624	0.907725	0.500039	0.511331	0.5	0.5236
8.799	4.11467	0.328791	0.958849	0.499859	0.511199	0.5	0.5236
8.899	4.14235	0.370427	1.00997	0.499904	0.511126	0.5	0.5236
9	4.1681	0.413859	1.06163	0.500086	0.511144	0.5	0.5236
9.101	4.19158	0.458562	1.11327	0.499982	0.51247	0.5	0.47124
9.201	4.21257	0.50394	1.16218	0.4999	0.484237	0.5	0.44506
9.302	4.23154	0.550735	1.20904	0.500258	0.458202	0.5	0.41888
9.403	4.24837	0.598344	1.25318	0.499961	0.433583	0.5	0.3927
9.504	4.26314	0.646631	1.29462	0.500176	0.406589	0.5	0.36652
9.604	4.27585	0.694985	1.33305	0.500165	0.379515	0.5	0.34034
9.705	4.28686	0.744268	1.36913	0.499916	0.354231	0.5	0.31416
9.811	4.29656	0.796369	1.4042	0.499929	0.317911	0.5	0.28798
9.912	4.30417	0.84629	1.43487	0.499865	0.286023	0.5	0.2618
10.012	4.31026	0.895915	1.4625	0.500261	0.262851	0.5	0.23562
10.115	4.31517	0.947179	1.48831	0.499961	0.237029	0.5	0.20944
10.215	4.31873	0.997051	1.51066	0.500029	0.207721	0.5	0.18326
10.315	4.32125	1.04699	1.5304	0.49989	0.18421	0.5	0.15708
10.415	4.32284	1.09696	1.54755	0.500109	0.154761	0.5	0.1309
10.515	4.32364	1.14695	1.56203	0.499866	0.127053	0.5	0.10472
10.616	4.32378	1.19745	1.574	0.500034	0.105925	0.5	0.07854
10.716	4.32338	1.24745	1.58329	0.499938	0.0765488	0.5	0.05236
10.817	4.32258	1.29794	1.58995	0.499965	0.0483073	0.5	0.02618
10.918	4.32151	1.34843	1.59392	0.499949	0.0239476	0.5	6.93889e-18
11.018	4.32031	1.39842	1.59523	0.499971	-0.00399771	0.5	6.93889e-18
11.119	4.31911	1.4489	1.59402	0.500012	-0.012591	0.5	6.93889e-18
11.22	4.31797	1.49939	1.59278	0.500036	-0.011771	0.5	6.93889e-18
11.32	4.3169	1.54938	1.59154	0.499999	-0.0127671	0.5	6.93889e-18
11.421	4.31588	1.59987	1.59029	0.49997	-0.0120871	0.5	6.93889e-18
11.522	4.31493	1.65036	1.58905	0.500051	-0.0124897	0.5	6.93889e-18
11.622	4.31405	1.70035	1.58781	0.499916	-0.0124701	0.5	6.93889e-18
11.723	4.31322	1.75085	1.58656	0.50005	-0.0119222	0.5	6.93889e-18
11.823	4.31246	1.80084	1.58534	0.500028	-0.0124917	0.5	6.93889e-18
11.924	4.31176	1.85133	1.58408	0.499969	-0.0120978	0.5	6.93889e-18
12.024	4.31113	1.90133	1.58285	0.500003	-0.0122917	0.5	6.93889e-18
12.125	4.31055	1.95183	1.5816	0.499899	-0.0123778	0.5	6.93889e-18
12.226	4.31003	2.00232	1.58035	0.500057	-0.0124979	0.5	6.93889e-18
12.326	4.30959	2.05232	1.57912	0.499998	-0.0122682	0.5	6.93889e-18
12.427	4.3092	2.10282	1.57787	0.499989	-0.012439	0.5	6.93889e-18
12.528	4.30887	2.15332	1.57663	0.500086	-0.0121851	0.5	6.93889e-18
12.628	4.30861	2.20332	1.57539	0.499889	-0.0123786	0.5	6.93889e-18
12.729	4.30841	2.25382	1.57414	0.500073	-0.0124411	0.5	6.93889e-18
12.829	4.30827	2.30382	1.57291	0.49998	-0.0117282	0.5	6.93889e-18
12.93	4.3082	2.35432	1.57165	0.500015	-0.0128166	0.5	6.93889e-18
13.031	4.30818	2.40482	1.57042	0.500066	-0.0119905	0.5	6.93889e-18
13.131	4.30823	2.45482	1.56917	0.499902	-0.0129561	0.5	6.93889e-18
13.232	4.30835	2.50532	1.56793	0.50012	-0.0124351	0.5	6.93889e-18
13.332	4.30852	2.55532	1.56669	0.499934	-0.0123266	0.5	6.93889e-18
13.433	4.30876	2.60582	1.56544	0.500046	-0.0126937	0.5	6.93889e-18
13.534	4.30906	2.65682	1.56418	0.500025	-0.0119798	0.5	6.93889e-18
13.635	4.30943	2.70682	1.56295	0.499896	-0.0125245	0.5	6.93889e-18
13.735	4.30985	2.75681	1.5617	0.500128	-0.0123666	0.5	6.93889e-18
13.835	4.31034	2.80731	1.56046	0.499892	-0.0122877	0.5	6.93889e-18
13.936	4.31089	2.85731	1.55922	0.500063	-0.012616	0.5	6.93889e-18
14.037	4.3115	2.9078	1.55796	0.499943	-0.0118521	0.5	6.93889e-18
14.137	4.31217	2.9578	1.55673	0.49995	-0.0128909	0.5	6.93889e-18
14.238	4.31292	3.00829	1.55548	0.500114	-0.0121709	0.5	6.93889e-18
14.338	4.31371	3.05829	1.55425	0.499898	-0.0124006	0.5	6.93889e-18
14.439	4.31458	3.10878	1.553	0.500102	-0.0124335	0.5	6.93889e-18
14.54	4.31551	3.15927	1.55174	0.499951	-0.0126298	0.5	6.93889e-18
14.64	4.31649	3.20926	1.55051	0.499985	-0.0124167	0.5	6.93889e-18
14.741	4.31756	3.26025	1.54925	0.500029	-0.0121749	0.5	6.93889e-18
14.841	4.31866	3.30974	1.54804	0.499901	-0.0123435	0.5	6.93889e-18
14.943	4.31985	3.36073	1.54677	0.500096	-0.0123641	0.5	6.93889e-18
15.043	4.32108	3.41071	1.54553	0.49993	-0.0126051	0.5	6.93889e-18
15.143	4.32237	3.46069	1.5443	0.500009	-0.0117806	0.5	6.93889e-18
15.244	4.32374	3.51117	1.54304	0.499999	-0.0128869	0.5	6.93889e-18
15.345	4.32517	3.56165	1.5418	0.499931	-0.0120384	0.5	6.93889e-18
15.445	4.32665	3.61163	1.54056	0.500132	-0.012413	0.5	6.93889e-18
15.546	4.32821	3.66211	1.53931	0.499931	-0.0124664	0.5	6.93889e-18
15.647	4.32983	3.71258	1.53808	0.500079	-0.0118099	0.5	6.93889e-18
15.748	4.33152	3.76305	1.53683	0.49999	-0.0126758	0.5	6.93889e-18
15.848	4.33324	3.81302	1.53559	0.49998	-0.0120464	0.5	6.93889e-18
15.948	4.33504	3.86299	1.53436	0.500095	-0.0127444	0.5	6.93889e-18
16.049	4.33691	3.91346	1.53311	0.49994	-0.012271	0.5	-0.05236
16.149	4.33883	3.96342	1.53036	0.500114	-0.0727723	0.5	-0.07854
16.25	4.34104	4.01387	1.52299	0.499952	-0.095238	0.5	-0.10472
16.351	4.34369	4.0643	1.51287	0.500004	-0.120966	0.5	-0.1309
16.451	4.34688	4.1142	1.50026	0.500089	-0.147012	0.5	-0.15708
16.552	4.35081	4.16454	1.4848	0.499905	-0.17319	0.5	-0.18326
16.655	4.35569	4.21581	1.46637	0.500034	-0.195274	0.5	-0.20944
16.755	4.36139	4.26548	1.44578	0.499959	-0.221118	0.5	-0.23562
16.855	4.36818	4.31502	1.42261	0.500044	-0.2478	0.5	-0.2618
16.955	4.37617	4.36437	1.39673	0.499981	-0.273498	0.5	-0.28798
17.055	4.38551	4.41349	1.36828	0.500163	-0.299786	0.5	-0.31416
17.156	4.39642	4.4628	1.33689	0.49992	-0.32595	0.5	-0.34034
17.256	4.4088	4.51124	1.30316	0.500007	-0.352262	0.5	-0.36652
17.357	4.42302	4.55969	1.26645	0.499979	-0.378456	0.5	-0.3927
17.457	4.4389	4.6071	1.22767	0.500108	-0.404694	0.5	-0.41888
17.558	4.45686	4.65429	1.18565	0.499988	-0.430604	0.5	-0.44506
17.659	4.47684	4.70066	1.14094	0.499936	-0.456657	0.5	-0.47124
17.759	4.49871	4.74562	1.09404	0.500044	-0.483019	0.5	-0.49742
17.86	4.52297	4.78991	1.0441	0.499943	-0.509358	0.5	-0.5236
17.96	4.54919	4.83247	0.992044	0.500094	-0.535484	0.5	-0.54978
18.061	4.57794	4.87398	0.936812	0.500089	-0.561554	0.5	-0.54978
18.162	4.60899	4.91381	0.880051	0.500073	-0.562245	0.5	-0.54978
18.262	4.6419	4.95144	0.823838	0.499799	-0.56204	0.5	-0.54978
18.363	4.67723	4.98751	0.767058	0.49993	-0.562111	0.5	-0.54978
18.436	4.70401	5.0123	0.726025	0.500093	-0.562055	0.5	-0.54978
18.489	4.72408	5.0296	0.696228	0.500051	-0.562377	0.5	-0.54978
18.533	4.74152	5.04382	0.670934	0.499788	-0.561993	0.5	-0.54978
18.573	4.75812	5.05668	0.647323	0.500016	-0.562007	0.5	-0.54978
18.614	4.7734	5.06798	0.625969	0.499964	-0.561885	0.5	-0.5236
18.648	4.78767	5.0781	0.606297	0.499953	-0.562135	0.5	-0.5236
18.677	4.80132	5.08738	0.587746	0.499953	-0.56178	0.5	-0.5236
18.714	4.81471	5.09613	0.569764	0.499978	-0.562016	0.5	-0.49742
18.745	4.82783	5.10439	0.553111	0.499913	-0.532945	0.5	-0.49742
18.774	4.84065	5.11217	0.53705	0.499931	-0.536551	0.5	-0.47124
18.798	4.85317	5.1195	0.521505	0.500099	-0.535774	0.5	-0.47124
18.832	4.86535	5.12638	0.506866	0.500134	-0.514471	0.5	-0.47124
18.86	4.87764	5.13309	0.492643	0.500011	-0.510313	0.5	-0.47124
18.887	4.88958	5.1394	0.478871	0.499717	-0.509813	0.5	-0.47124
18.914	4.9016	5.14554	0.465112	0.500049	-0.509491	0.5	-0.44506
18.94	4.91325	5.1513	0.452456	0.500025	-0.480532	0.5	-0.44506
18.966	4.92498	5.15691	0.439924	0.500055	-0.484065	0.5	-0.44506
18.991	4.93632	5.16217	0.427827	0.499774	-0.483755	0.5	-0.41888
19.014	4.94772	5.16729	0.415757	0.50015	-0.465734	0.5	-0.41888
19.041	4.95918	5.17228	0.404188	0.499908	-0.453368	0.5	-0.41888
19.065	4.97024	5.17694	0.393263	0.500164	-0.457777	0.5	-0.41888
19.089	4.98135	5.18148	0.38228	0.499906	-0.457494	0.5	-0.3927
19.113	4.99251	5.1859	0.371302	0.500179	-0.457378	0.5	-0.3927
19.137	5.00371	5.19019	0.360745	0.499905	-0.427122	0.5	-0.3927
19.16	5.01449	5.1942	0.350899	0.500132	-0.431626	0.5	-0.3927
19.183	5.02531	5.1981	0.340973	0.499955	-0.431396	0.5	-0.36652
19.206	5.03616	5.2019	0.331053	0.50007	-0.431232	0.5	-0.36652
19.229	5.04706	5.20558	0.32143	0.500082	-0.410143	0.5	-0.36652
19.252	5.05798	5.20917	0.312138	0.499995	-0.401302	0.5	-0.36652
19.275	5.06894	5.21265	0.302828	0.500061	-0.405514	0.5	-0.36652
19.296	5.07946	5.21589	0.293916	0.499977	-0.404888	0.5	-0.34034
19.319	5.09	5.21903	0.285086	0.500094	-0.385539	0.5	-0.34034
19.341	5.10057	5.22208	0.276666	0.500021	-0.375124	0.5	-0.34034
19.363	5.11116	5.22504	0.268381	0.500025	-0.379222	0.5	-0.34034
19.385	5.12178	5.22792	0.260039	0.49999	-0.379122	0.5	-0.34034
19.407	5.13242	5.2307	0.251702	0.500142	-0.378796	0.5	-0.31416
19.429	5.14308	5.2334	0.243622	0.499947	-0.359306	0.5	-0.31416
19.451	5.15377	5.23602	0.235871	0.499999	-0.349701	0.5	-0.31416
19.473	5.16447	5.23855	0.228116	0.500117	-0.3533	0.5	-0.31416
19.494	5.1752	5.24099	0.220352	0.499905	-0.352905	0.5	-0.28798
19.516	5.18545	5.24325	0.212969	0.500062	-0.331327	0.5	-0.28798
19.537	5.19572	5.24544	0.206028	0.499738	-0.323029	0.5	-0.28798
19.558	5.20601	5.24755	0.199233	0.4999	-0.326829	0.5	-0.28798
19.579	5.21631	5.2496	0.19237	0.50005	-0.326605	0.5	-0.2618
19.6	5.22662	5.25157	0.185512	0.500069	-0.326442	0.5	-0.2618
19.621	5.23694	5.25347	0.178753	0.499952	-0.302407	0.5	-0.2618
19.642	5.24728	5.25531	0.172434	0.500029	-0.297129	0.5	-0.2618
19.663	5.25763	5.25708	0.166168	0.500047	-0.30095	0.5	-0.2618
19.684	5.26799	5.25879	0.159852	0.499961	-0.300426	0.5	-0.2618
19.705	5.27836	5.26043	0.153546	0.500041	-0.300096	0.5	-0.23562
19.726	5.28875	5.262	0.147452	0.49999	-0.279232	0.5	-0.23562
19.747	5.29914	5.26352	0.141681	0.499978	-0.270862	0.5	-0.23562
19.768	5.30953	5.26497	0.135953	0.500063	-0.274458	0.5	-0.20944
19.789	5.31994	5.26636	0.130194	0.499939	-0.274121	0.5	-0.20944
19.81	5.33036	5.2677	0.124436	0.500131	-0.274231	0.5	-0.20944
19.831	5.34078	5.26898	0.118994	0.49989	-0.253107	0.5	-0.20944
19.852	5.35121	5.2702	0.113805	0.499939	-0.245218	0.5	-0.20944
19.873	5.36164	5.27136	0.108601	0.500113	-0.248403	0.5	-0.20944
19.893	5.37208	5.27247	0.103389	0.500009	-0.248172	0.5	-0.18326
19.915	5.38253	5.27353	0.0981793	0.499945	-0.24805	0.5	-0.18326
19.936	5.39298	5.27454	0.0935019	0.500101	-0.221466	0.5	-0.18326
19.957	5.40344	5.2755	0.0888895	0.500009	-0.222396	0.5	-0.18326
19.978	5.4139	5.2764	0.0842203	0.499928	-0.221835	0.5	-0.15708
19.999	5.42436	5.27726	0.079562	0.500108	-0.221755	0.5	-0.15708
20.019	5.43483	5.27808	0.0750068	0.500024	-0.196342	0.5	-0.15708
20.041	5.4453	5.27884	0.0709007	0.499933	-0.192928	0.5	-0.15708
20.062	5.45578	5.27957	0.066829	0.500106	-0.196284	0.5	-0.15708
20.083	5.46626	5.28025	0.0627105	0.499896	-0.195793	0.5	-0.15708
20.102	5.47674	5.28088	0.058603	0.49996	-0.195275	0.5	-0.1309
20.125	5.48722	5.28148	0.0546894	0.499973	-0.174479	0.5	-0.1309
20.146	5.49771	5.28203	0.0511078	0.500014	-0.16624	0.5	-0.1309
20.167	5.50819	5.28255	0.0475771	0.500007	-0.169842	0.5	-0.10472
20.187	5.51868	5.28303	0.0440178	0.499989	-0.169231	0.5	-0.10472
20.206	5.52917	5.28348	0.0404596	0.500076	-0.169559	0.5	-0.10472
20.23	5.53967	5.28389	0.0372512	0.500015	-0.144393	0.5	-0.10472
20.251	5.55016	5.28426	0.0342784	0.499936	-0.140429	0.5	-0.10472
20.272	5.56065	5.28461	0.0312766	0.500057	-0.143729	0.5	-0.10472
20.293	5.57115	5.28492	0.0282602	0.499931	-0.143616	0.5	-0.07854
20.314	5.58164	5.2852	0.0252545	0.499963	-0.143048	0.5	-0.07854
20.334	5.59214	5.28546	0.0227093	0.500079	-0.118898	0.5	-0.07854
20.356	5.60264	5.28568	0.0203064	0.499977	-0.114201	0.5	-0.07854
20.377	5.61314	5.28588	0.017836	0.499922	-0.117105	0.5	-0.05236
20.398	5.62364	5.28606	0.0153769	0.500118	-0.117029	0.5	-0.05236
20.419	5.63414	5.28621	0.012991	0.49997	-0.093116	0.5	-0.05236
20.44	5.64463	5.28633	0.0110556	0.499944	-0.0881137	0.5	-0.05236
20.461	5.65513	5.28644	0.00918815	0.500125	-0.0915287	0.5	-0.05236
20.482	5.66563	5.28653	0.00726882	0.49995	-0.0910658	0.5	-0.05236
20.502	5.67613	5.28659	0.0053595	0.499953	-0.0906285	0.5	-0.02618
20.523	5.68613	5.28664	0.00372129	0.500028	-0.0657204	0.5	-0.02618
20.543	5.69613	5.28667	0.00242978	0.499964	-0.0624499	0.5	-0.02618
20.564	5.70663	5.28669	0.00109903	0.499947	-0.0648623	0.5	-0.02618
20.583	5.71663	5.28669	-0.000197933	0.500078	-0.0648267	0.5	-0.02618
20.605	5.72713	5.28668	-0.00156023	0.500029	-0.0649304	0.5	-0.02618
20.62	5.73713	5.28666	-0.00263782	0.499993	-0.0403734	0.5	-0.02618
20.646	5.74763	5.28663	-0.00343556	0.500032	-0.0353633	0.5	-0.02618
20.667	5.75813	5.28659	-0.00422251	0.500004	-0.0393921	0.5	-0.02618
20.688	5.76863	5.28654	-0.00504642	0.499994	-0.0391154	0.5	-0.02618
20.709	5.77913	5.28649	-0.00585453	0.499953	-0.0380913	0.5	-0.02618
20.729	5.78963	5.28642	-0.00666212	0.500048	-0.0386392	0.5	-0.02618
20.751	5.80013	5.28635	-0.00748046	0.500034	-0.0391007	0.5	-0.02618
20.772	5.81063	5.28626	-0.00828922	0.499918	-0.038218	0.5	-0.02618
20.793	5.82113	5.28617	-0.00909518	0.500091	-0.0384296	0.5	-0.02618
20.813	5.83163	5.28607	-0.0099138	0.499984	-0.0391117	0.5	-0.02618
20.833	5.84213	5.28597	-0.0107215	0.499929	-0.0383561	0.5	-0.02618
20.856	5.85263	5.28585	-0.0115297	0.500129	-0.0384995	0.5	-0.02618
20.877	5.86313	5.28572	-0.0123458	0.499926	-0.0388758	0.5	-0.02618
20.898	5.87363	5.28559	-0.0131535	0.499966	-0.0386107	0.5	-0.02618
20.919	5.88413	5.28545	-0.0139642	0.500131	-0.0385752	0.5	-0.02618
20.94	5.89463	5.2853	-0.0147738	0.499911	-0.0384069	0.5	-0.02618
20.961	5.90512	5.28514	-0.0155815	0.500001	-0.0386826	0.5	-0.02618
20.982	5.91562	5.28497	-0.0163938	0.500082	-0.0386776	0.5	-0.02618
21.002	5.92612	5.28479	-0.0172025	0.499924	-0.0381033	0.5	-0.02618
21.024	5.93662	5.28461	-0.0180058	0.500007	-0.0385476	0.5	-0.02618
21.045	5.94712	5.28442	-0.0188173	0.500038	-0.0387968	0.5	-0.02618
21.066	5.95762	5.28421	-0.0196289	0.499935	-0.0384511	0.5	-0.02618
21.087	5.96811	5.284	-0.0204318	0.50005	-0.0379891	0.5	-0.02618
21.108	5.97861	5.28379	-0.0212384	0.500007	-0.0387936	0.5	-0.02618
21.129	5.98911	5.28356	-0.0220545	0.499992	-0.0389145	0.5	-0.02618
21.15	5.99961	5.28332	-0.0228612	0.499989	-0.0381036	0.5	-0.02618
21.171	6.0101	5.28308	-0.023669	0.500048	-0.0386458	0.5	-0.02618
21.192	6.0206	5.28283	-0.0244862	0.500017	-0.0390263	0.5	-0.02618
21.213	6.0311	5.28257	-0.0252945	0.499957	-0.0383232	0.5	-0.02618
21.234	6.04159	5.2823	-0.026096	0.500074	-0.0381302	0.5	-0.02618
21.255	6.05209	5.28202	-0.0269123	0.499986	-0.0389916	0.5	-0.02618
21.275	6.06259	5.28173	-0.0277217	0.499944	-0.0384988	0.5	-0.02618
21.297	6.07308	5.28144	-0.028526	0.500098	-0.0382864	0.5	-0.02618
21.318	6.08358	5.28113	-0.0293433	0.499937	-0.0390266	0.5	-0.02618
21.339	6.09407	5.28082	-0.0301513	0.49997	-0.0384506	0.5	-0.02618
21.36	6.10457	5.2805	-0.0309588	0.500129	-0.0384914	0.5	-0.02618
21.381	6.11506	5.28017	-0.0317673	0.499895	-0.0385461	0.5	-0.02618
21.401	6.12556	5.27983	-0.0325766	0.49998	-0.0384841	0.5	-0.02618
21.423	6.13605	5.27949	-0.0333851	0.500104	-0.0385882	0.5	-0.02618
21.444	6.14655	5.27913	-0.0341954	0.499889	-0.0385759	0.5	-0.02618
21.464	6.15704	5.27877	-0.0350051	0.500021	-0.0385125	0.5	-0.02618
21.486	6.16753	5.2784	-0.0358155	0.500125	-0.0387337	0.5	-0.02618
21.507	6.17803	5.27802	-0.0366282	0.499897	-0.0386561	0.5	-0.02618
21.527	6.18852	5.27763	-0.037438	0.50007	-0.0384288	0.5	-0.02618
21.549	6.19901	5.27723	-0.0382486	0.500058	-0.0387867	0.5	-0.02618
21.57	6.2095	5.27683	-0.039063	0.499931	-0.038782	0.5	-0.02618
21.591	6.22	5.27641	-0.039869	0.500102	-0.038075	0.5	-0.02618
21.611	6.23049	5.27599	-0.0406755	0.500011	-0.0386117	0.5	-0.02618
21.633	6.24098	5.27556	-0.0414907	0.499968	-0.0389219	0.5	-0.02618
21.654	6.25147	5.27512	-0.0422971	0.500042	-0.0381916	0.5	-0.02618
21.674	6.26196	5.27467	-0.0430972	0.499965	-0.0380731	0.5	-0.02618
21.696	6.27245	5.27422	-0.0439113	0.500023	-0.0389279	0.5	-0.02618
21.717	6.28294	5.27375	-0.0447201	0.49994	-0.0384466	0.5	-0.02618
21.738	6.29343	5.27328	-0.0455231	0.500023	-0.0382132	0.5	-0.02618
21.758	6.30392	5.2728	-0.0463357	0.49998	-0.0387222	0.5	-0.02618
21.78	6.31441	5.27231	-0.0471482	0.499937	-0.0383569	0.5	-0.02618
21.801	6.3249	5.27181	-0.0479537	0.500084	-0.0383599	0.5	-0.02618
21.822	6.33538	5.2713	-0.0487613	0.499928	-0.0390202	0.5	-0.02618
21.843	6.34587	5.27078	-0.0495782	0.499991	-0.0384078	0.5	-0.02618
21.864	6.35636	5.27026	-0.0503851	0.500105	-0.0384636	0.5	-0.02618
21.885	6.36684	5.26973	-0.0511931	0.499881	-0.0385087	0.5	-0.02618
21.906	6.37733	5.26918	-0.0520018	0.500033	-0.0385162	0.5	-0.02618
21.927	6.38782	5.26863	-0.0528104	0.500036	-0.0384811	0.5	-0.02618
21.948	6.3983	5.26808	-0.0536195	0.499885	-0.0385933	0.5	-0.02618
21.968	6.40878	5.26751	-0.0544294	0.500035	-0.0385286	0.5	-0.02618
21.989	6.41927	5.26693	-0.0552388	0.500023	-0.0385608	0.5	-0.02618
22.011	6.42975	5.26635	-0.0560507	0.499914	-0.0387317	0.5	-0.02618
22.032	6.44024	5.26576	-0.0568588	0.500072	-0.0383289	0.5	-0.02618
22.053	6.45072	5.26516	-0.0576656	0.499988	-0.0384651	0.5	-0.02618
22.074	6.4612	5.26455	-0.0584791	0.499919	-0.038847	0.5	-0.02618
22.095	6.47168	5.26393	-0.0592935	0.500054	-0.0387628	0.5	-0.02618
22.116	6.48216	5.2633	-0.0600943	0.49998	-0.0379825	0.5	-0.02618
22.137	6.49264	5.26267	-0.0609056	0.499959	-0.0387418	0.5	-0.02618
22.158	6.50313	5.26203	-0.061721	0.500021	-0.0388379	0.5	-0.02618
22.179	6.51361	5.26137	-0.0625222	0.49998	-0.0381199	0.5	-0.02618
22.2	6.52408	5.26071	-0.06333	0.500003	-0.0389425	0.5	-0.02618
22.221	6.53456	5.26005	-0.0641466	0.499971	-0.0383238	0.5	-0.02618
22.242	6.54504	5.25937	-0.0649511	0.50002	-0.0382383	0.5	-0.02618
22.263	6.55552	5.25868	-0.0657566	0.499979	-0.0388507	0.5	-0.02618
22.284	6.566	5.25799	-0.0665736	0.499955	-0.0390832	0.5	-0.02618
22.303	6.57647	5.25729	-0.0673894	0.500091	-0.0382543	0.5	-0.02618
22.326	6.58695	5.25658	-0.0681939	0.499948	-0.038422	0.5	-0.02618
22.347	6.59742	5.25586	-0.0690053	0.499999	-0.0389989	0.5	-0.02618
22.368	6.6079	5.25513	-0.0698194	0.50012	-0.0383806	0.5	-0.02618
22.389	6.61837	5.25439	-0.0706266	0.499895	-0.0384996	0.5	-0.02618
22.41	6.62885	5.25365	-0.0714367	0.500043	-0.0386667	0.5	-0.02618
22.431	6.63932	5.25289	-0.0722467	0.500074	-0.0384876	0.5	-0.02618
22.452	6.64979	5.25213	-0.0730553	0.499878	-0.0385099	0.5	-0.02618
22.473	6.66026	5.25136	-0.0738641	0.500089	-0.0385174	0.5	-0.02618
22.494	6.67073	5.25058	-0.0746735	0.500015	-0.0385508	0.5	-0.02618
22.515	6.6812	5.24979	-0.0754837	0.499921	-0.0385924	0.5	-0.02618
22.536	6.69167	5.249	-0.0762948	0.500088	-0.0386323	0.5	-0.02618
22.557	6.70214	5.24819	-0.0770961	0.499984	-0.0380813	0.5	-0.02618
22.578	6.71261	5.24738	-0.0779062	0.49995	-0.038627	0.5	-0.02618
22.598	6.72308	5.24656	-0.0787216	0.500034	-0.0388379	0.5	-0.02618
22.62	6.73355	5.24573	-0.0795266	0.499992	-0.0383207	0.5	-0.02618
22.64	6.74401	5.24489	-0.0803323	0.499955	-0.0387989	0.5	-0.02618
22.662	6.75448	5.24405	-0.0811471	0.500039	-0.0388152	0.5	-0.02618
22.683	6.76494	5.24319	-0.0819622	0.499983	-0.0388152	0.5	-0.02618
22.704	6.77541	5.24233	-0.0827753	0.500008	-0.0389119	0.5	-0.02618
22.725	6.78587	5.24145	-0.0835911	0.49999	-0.0382568	0.5	-0.02618
22.746	6.79634	5.24057	-0.0843943	0.499992	-0.0381998	0.5	-0.02618
22.767	6.8068	5.23968	-0.0851993	0.499985	-0.0388825	0.5	-0.02618
22.788	6.81726	5.23879	-0.0860147	0.499974	-0.0386709	0.5	-0.02618
22.809	6.82772	5.23788	-0.086824	0.50006	-0.0382011	0.5	-0.02618
22.83	6.83818	5.23697	-0.0876297	0.499953	-0.0387025	0.5	-0.02618
22.851	6.84864	5.23604	-0.0884422	0.500018	-0.0386658	0.5	-0.02618
22.872	6.8591	5.23511	-0.0892511	0.500088	-0.0383233	0.5	-0.02618
22.893	6.86956	5.23417	-0.0900572	0.499901	-0.038459	0.5	-0.02618
22.914	6.88001	5.23322	-0.090871	0.500062	-0.0390124	0.5	-0.02618
22.935	6.89047	5.23227	-0.0916841	0.500039	-0.0384542	0.5	-0.02618
22.956	6.90092	5.2313	-0.0924929	0.499902	-0.0385539	0.5	-0.02618
22.975	6.91138	5.23033	-0.0933013	0.500097	-0.0384663	0.5	-0.02618
22.997	6.92183	5.22935	-0.0941105	0.500014	-0.0385577	0.5	-0.02618
23.019	6.93229	5.22836	-0.0949204	0.499923	-0.0385681	0.5	-0.02618
23.04	6.94274	5.22736	-0.0957298	0.500138	-0.0385376	0.5	-0.02618
23.058	6.95319	5.22635	-0.0965356	0.499955	-0.038343	0.5	-0.02618
23.082	6.96364	5.22533	-0.0973457	0.499951	-0.0386032	0.5	-0.02618
23.103	6.97409	5.22431	-0.0981592	0.500102	-0.0387435	0.5	-0.02618
23.124	6.98454	5.22327	-0.0989642	0.499933	-0.0384284	0.5	-0.02618
23.145	6.99499	5.22223	-0.0997721	0.499998	-0.0388812	0.5	-0.02618
23.166	7.00544	5.22118	-0.100588	0.500044	-0.0387326	0.5	-0.02618
23.186	7.01588	5.22012	-0.101399	0.499973	-0.0380371	0.5	-0.02618
23.208	7.02633	5.21906	-0.102201	0.500012	-0.0387467	0.5	-0.02618
23.229	7.03677	5.21798	-0.103016	0.500006	-0.0388941	0.5	-0.02618
23.25	7.04722	5.2169	-0.103828	0.499969	-0.0381978	0.5	-0.02618
23.271	7.05766	5.21581	-0.104631	0.499995	-0.0384009	0.5	-0.02618
23.292	7.0681	5.21471	-0.105443	0.499992	-0.0389833	0.5	-0.02618
23.313	7.07854	5.2136	-0.106255	0.500032	-0.0383189	0.5	-0.02618
23.334	7.08898	5.21248	-0.107058	0.499965	-0.0382083	0.5	-0.02618
23.355	7.09942	5.21135	-0.107869	0.500036	-0.0388972	0.5	-0.02618
23.376	7.10986	5.21022	-0.108681	0.500059	-0.0385312	0.5	-0.02618
23.397	7.1203	5.20908	-0.109488	0.49992	-0.0383461	0.5	-0.02618
23.418	7.13074	5.20792	-0.110293	0.500066	-0.0383361	0.5	-0.02618
23.439	7.14117	5.20676	-0.111104	0.500005	-0.0387003	0.5	-0.02618
23.46	7.15161	5.2056	-0.111913	0.499935	-0.0384701	0.5	-0.02618
23.481	7.16204	5.20442	-0.11272	0.500101	-0.0384624	0.5	-0.02618
23.501	7.17247	5.20323	-0.113534	0.49992	-0.0388006	0.5	-0.02618
23.521	7.18291	5.20204	-0.114345	0.499947	-0.0385111	0.5	-0.02618
23.544	7.19334	5.20084	-0.115153	0.500142	-0.0385119	0.5	-0.02618
23.565	7.20377	5.19963	-0.11596	0.499909	-0.0383898	0.5	-0.02618
23.586	7.21419	5.19841	-0.116769	0.499983	-0.0385317	0.5	-0.02618
23.607	7.22462	5.19718	-0.11758	0.500105	-0.0387045	0.5	-0.02618
23.628	7.23505	5.19595	-0.118392	0.499907	-0.0383907	0.5	-0.02618
23.649	7.24548	5.1947	-0.119199	0.500033	-0.0387389	0.5	-0.02618
23.67	7.2559	5.19345	-0.120013	0.500053	-0.0387176	0.5	-0.02618
23.691	7.26633	5.19219	-0.120822	0.499943	-0.038044	0.5	-0.02618
23.712	7.27675	5.19092	-0.121621	0.500033	-0.0380646	0.5	-0.02618
23.733	7.28717	5.18964	-0.122426	0.500021	-0.0388451	0.5	-0.02618
23.754	7.29759	5.18836	-0.123237	0.499951	-0.0382262	0.5	-0.02618
23.774	7.30801	5.18706	-0.124043	0.500009	-0.0387508	0.5	-0.02618
23.796	7.31843	5.18576	-0.124858	0.500008	-0.0389758	0.5	-0.02618
23.816	7.32885	5.18445	-0.12567	0.500011	-0.0381705	0.5	-0.02618
23.838	7.33926	5.18313	-0.126471	0.499958	-0.0381274	0.5	-0.02618
23.859	7.34968	5.1818	-0.127281	0.500064	-0.0389904	0.5	-0.02618
23.879	7.36109	5.18033	-0.128169	0.499969	-0.0383831	0.5	-0.02618
23.903	7.3715	5.17899	-0.128974	0.499981	-0.0382783	0.5	-0.02618
23.924	7.38191	5.17763	-0.129786	0.500078	-0.0387837	0.5	-0.02618
23.945	7.39232	5.17627	-0.130597	0.499913	-0.0385975	0.5	-0.02618
23.966	7.40273	5.1749	-0.131404	0.500002	-0.0384032	0.5	-0.02618
23.987	7.41314	5.17352	-0.132209	0.500115	-0.0383295	0.5	-0.02618
24.008	7.42355	5.17213	-0.133022	0.499891	-0.0387129	0.5	-0.02618
24.029	7.43396	5.17073	-0.133829	0.500032	-0.038414	0.5	-0.02618
24.049	7.44436	5.16933	-0.134637	0.500023	-0.038876	0.5	-0.02618
24.071	7.45477	5.16791	-0.135452	0.499902	-0.0385299	0.5	-0.02618
24.092	7.46517	5.16649	-0.136262	0.500071	-0.038552	0.5	-0.02618
24.113	7.47557	5.16506	-0.137072	0.500007	-0.0386654	0.5	-0.02618
24.134	7.48597	5.16362	-0.137882	0.499915	-0.0383824	0.5	-0.02618
24.155	7.49637	5.16218	-0.13869	0.500114	-0.0386627	0.5	-0.02618
24.176	7.50677	5.16072	-0.139502	0.499972	-0.0386954	0.5	-0.02618
24.197	7.51717	5.15926	-0.14031	0.49996	-0.0381526	0.5	-0.02618
24.218	7.52757	5.15778	-0.141115	0.500054	-0.0385092	0.5	-0.02618
24.238	7.53796	5.1563	-0.141927	0.499976	-0.0387987	0.5	-0.02618
24.259	7.54885	5.15474	-0.142781	0.499998	-0.0388736	0.5	-0.02618
24.282	7.55924	5.15324	-0.143597	0.500025	-0.0388372	0.5	-0.02618
24.302	7.56963	5.15174	-0.144408	0.499948	-0.0383509	0.5	-0.02618
24.324	7.58002	5.15022	-0.145211	0.500037	-0.0380081	0.5	-0.02618
24.345	7.59041	5.1487	-0.146017	0.49999	-0.0388579	0.5	-0.02618
24.366	7.6008	5.14717	-0.14683	0.500012	-0.0385681	0.5	-0.02618
24.387	7.61119	5.14563	-0.147635	0.499974	-0.0381047	0.5	-0.02618
24.408	7.62157	5.14408	-0.148443	0.500032	-0.0387164	0.5	-0.02618
24.429	7.63196	5.14252	-0.149261	0.500038	-0.0390648	0.5	-0.02618
24.45	7.64234	5.14096	-0.15007	0.499956	-0.0383038	0.5	-0.02618
24.471	7.65272	5.13938	-0.150872	0.500049	-0.0382071	0.5	-0.02618
24.492	7.6631	5.1378	-0.151688	0.499984	-0.0390013	0.5	-0.02618
24.513	7.67348	5.13621	-0.152497	0.499927	-0.0384169	0.5	-0.02618
24.534	7.68386	5.13461	-0.153301	0.500085	-0.0382836	0.5	-0.02618
24.555	7.69423	5.133	-0.154109	0.499951	-0.0384895	0.5	-0.02618
24.576	7.70461	5.13139	-0.154919	0.499932	-0.0384038	0.5	-0.02618
24.597	7.71498	5.12976	-0.155726	0.500125	-0.0385349	0.5	-0.02618
24.618	7.72535	5.12813	-0.156535	0.499949	-0.0386727	0.5	-0.02618
24.639	7.73572	5.12649	-0.157347	0.499954	-0.0385119	0.5	-0.02618
24.659	7.74609	5.12484	-0.158156	0.500165	-0.0386685	0.5	-0.02618
24.681	7.75646	5.12318	-0.158968	0.499896	-0.0385422	0.5	-0.02618
24.701	7.76683	5.12152	-0.159777	0.500005	-0.0384978	0.5	-0.02618
24.719	7.77719	5.11984	-0.160586	0.500083	-0.0386778	0.5	-0.02618
24.744	7.78756	5.11816	-0.161399	0.499904	-0.0387268	0.5	-0.02618
24.765	7.79792	5.11647	-0.162206	0.500018	-0.038055	0.5	-0.02618
24.785	7.80828	5.11477	-0.163011	0.500035	-0.0386498	0.5	-0.02618
24.807	7.81864	5.11306	-0.163825	0.499928	-0.0388259	0.5	-0.02618
24.828	7.829	5.11134	-0.164632	0.500054	-0.0381669	0.5	-0.02618
24.849	7.83936	5.10962	-0.165437	0.500008	-0.0384023	0.5	-0.02618
24.869	7.84972	5.10789	-0.166251	0.499961	-0.0389199	0.5	-0.02618
24.891	7.86007	5.10615	-0.16706	0.500005	-0.0384331	0.5	-0.02618
24.912	7.87042	5.1044	-0.167862	0.500045	-0.0381339	0.5	-0.02618
24.933	7.88077	5.10264	-0.168676	0.499986	-0.0388348	0.5	-0.02618
24.954	7.89112	5.10087	-0.169494	0.499972	-0.0389851	0.5	-0.02618
24.975	7.90147	5.09909	-0.170296	0.500069	-0.0381562	0.5	-0.02618
24.996	7.91182	5.09731	-0.171102	0.500031	-0.0390495	0.5	-0.02618
25.017	7.92217	5.09552	-0.17192	0.499933	-0.0383003	0.5	-0.02618
25.037	7.93251	5.09372	-0.172725	0.500044	-0.0383736	0.5	-0.02618
25.059	7.94285	5.09191	-0.173533	0.499996	-0.0389187	0.5	-0.02618
25.08	7.9532	5.09009	-0.174348	0.499934	-0.0384889	0.5	-0.02618
25.101	7.96354	5.08827	-0.175156	0.500104	-0.0383774	0.5	-0.02618
25.122	7.97388	5.08643	-0.175962	0.49992	-0.038523	0.5	-0.02618
25.143	7.98421	5.08459	-0.176772	0.499973	-0.0385603	0.5	-0.02618
25.163	7.99455	5.08274	-0.177581	0.500133	-0.038485	0.5	-0.02618
25.184	8.00488	5.08088	-0.178389	0.499873	-0.0385049	0.5	-0.02618
25.206	8.01521	5.07902	-0.179198	0.500051	-0.0385348	0.5	-0.02618
25.227	8.02555	5.07714	-0.180007	0.500043	-0.0385221	0.5	-0.02618
25.247	8.03588	5.07526	-0.180818	0.499898	-0.0386252	0.5	-0.02618
25.269	8.0462	5.07336	-0.18163	0.500056	-0.0387082	0.5	-0.02618
25.29	8.05653	5.07146	-0.182437	0.500003	-0.0383553	0.5	-0.02618
25.311	8.06686	5.06956	-0.183249	0.499904	-0.0387359	0.5	-0.02618
25.331	8.07718	5.06764	-0.184063	0.500075	-0.0387475	0.5	-0.02618
25.353	8.0875	5.06571	-0.184864	0.499989	-0.0380874	0.5	-0.02618
25.374	8.09782	5.06378	-0.185675	0.499936	-0.0386345	0.5	-0.02618
25.395	8.10814	5.06184	-0.18649	0.500052	-0.038851	0.5	-0.02618
25.416	8.11846	5.05988	-0.187293	0.49998	-0.0380518	0.5	-0.02618
25.437	8.12877	5.05793	-0.188094	0.499979	-0.038857	0.5	-0.02618
25.458	8.13909	5.05596	-0.188909	0.499992	-0.0385601	0.5	-0.02618
25.478	8.1494	5.05398	-0.189717	0.499975	-0.0381294	0.5	-0.02618
25.499	8.15971	5.052	-0.19052	0.500033	-0.0386547	0.5	-0.02618
25.519	8.17002	5.05001	-0.191335	0.499953	-0.0390881	0.5	-0.02618
25.542	8.18033	5.04801	-0.192149	0.50007	-0.0382101	0.5	-0.02618
25.563	8.19063	5.046	-0.192952	0.499957	-0.038224	0.5	-0.02618
25.584	8.20094	5.04398	-0.193762	0.499995	-0.0390522	0.5	-0.02618
25.605	8.21124	5.04195	-0.194576	0.500098	-0.0384124	0.5	-6.93889e-18
25.625	8.22154	5.03992	-0.195381	0.499898	-0.0383084	0.5	-6.93889e-18
25.647	8.23184	5.03788	-0.196191	0.500032	-0.0387763	0.5	-6.93889e-18
25.667	8.24214	5.03583	-0.197003	0.500129	-0.0385558	0.5	-6.93889e-18
25.689	8.25243	5.03377	-0.197811	0.499878	-0.0384311	0.5	0.05236
25.71	8.26273	5.0317	-0.198618	0.500084	-0.0384517	0.5	0.05236
25.73	8.27302	5.02962	-0.199027	0.500005	-0.0135359	0.5	0.05236
25.752	8.28331	5.02755	-0.199247	0.499913	-0.0097688	0.5	0.05236
25.773	8.29361	5.02547	-0.19951	0.50006	-0.0130012	0.5	0.05236
25.794	8.3039	5.02339	-0.199773	0.499987	-0.0124714	0.5	0.07854
25.815	8.31419	5.0213	-0.200031	0.499961	-0.0122645	0.5	0.07854
25.836	8.32448	5.01922	-0.199381	0.500076	0.0466151	0.5	0.07854
25.857	8.33477	5.01714	-0.198417	0.499961	0.0392469	0.5	0.07854
25.878	8.34507	5.01508	-0.197592	0.499965	0.0394716	0.5	0.10472
25.899	8.35536	5.01302	-0.196762	0.500071	0.0398952	0.5	0.10472
25.919	8.36566	5.01097	-0.1958	0.499931	0.0646907	0.5	0.10472
25.939	8.37596	5.00894	-0.194423	0.50001	0.0684166	0.5	0.10472
25.961	8.38627	5.00691	-0.193008	0.500029	0.0652777	0.5	0.10472
25.983	8.39657	5.00491	-0.191628	0.499957	0.0664708	0.5	0.10472
26.004	8.40688	5.00291	-0.190233	0.499968	0.0663317	0.5	0.1309
26.025	8.41719	5.00094	-0.188618	0.500007	0.0885287	0.5	0.1309
26.046	8.42751	4.99898	-0.18668	0.499973	0.0957233	0.5	0.1309
26.067	8.43783	4.99704	-0.184709	0.499982	0.0924372	0.5	0.1309
26.088	8.44815	4.99512	-0.182776	0.500084	0.091799	0.5	0.15708
26.109	8.45848	4.99322	-0.180841	0.500009	0.0923346	0.5	0.15708
26.13	8.46881	4.99134	-0.178531	0.499943	0.117097	0.5	0.15708
26.151	8.47915	4.98949	-0.176009	0.500063	0.120992	0.5	0.15708
26.172	8.48949	4.98766	-0.173523	0.499942	0.117765	0.5	0.18326
26.193	8.49983	4.98586	-0.171031	0.499981	0.118825	0.5	0.18326
26.214	8.51018	4.98409	-0.168536	0.500058	0.11882	0.5	0.18326
26.235	8.52053	4.98234	-0.165635	0.499896	0.139086	0.5	0.18326
26.256	8.53089	4.98062	-0.162524	0.500034	0.14437	0.5	0.18326
26.277	8.54126	4.97894	-0.159493	0.500026	0.143908	0.5	0.18326
26.298	8.55163	4.97729	-0.156468	0.499908	0.144867	0.5	0.20944
26.319	8.562	4.97567	-0.153353	0.500151	0.162942	0.5	0.20944
26.339	8.57337	4.97393	-0.149528	0.499864	0.174124	0.5	0.20944
26.363	8.58375	4.97238	-0.145899	0.500033	0.170567	0.5	0.20944
26.384	8.59414	4.97088	-0.142316	0.499982	0.170734	0.5	0.23562
26.404	8.60454	4.9694	-0.138728	0.499922	0.170941	0.5	0.23562
26.426	8.61494	4.96797	-0.134875	0.500128	0.194871	0.5	0.23562
26.447	8.62535	4.96658	-0.130724	0.499893	0.199785	0.5	0.23562
26.468	8.63576	4.96523	-0.126573	0.499955	0.196407	0.5	0.23562
26.489	8.64618	4.96393	-0.122439	0.500122	0.197084	0.5	0.2618
26.51	8.65661	4.96266	-0.118302	0.499882	0.196955	0.5	0.2618
26.531	8.66703	4.96145	-0.11378	0.500027	0.221053	0.5	0.2618
26.552	8.67747	4.96028	-0.109037	0.499985	0.226978	0.5	0.2618
26.573	8.68791	4.95916	-0.104348	0.49993	0.222426	0.5	0.2618
26.594	8.69836	4.95809	-0.0996727	0.500191	0.222666	0.5	0.2618
26.615	8.70881	4.95707	-0.0949717	0.499955	0.223913	0.5	0.28798
26.636	8.71926	4.9561	-0.0898314	0.499966	0.252311	0.5	0.28798
26.657	8.72972	4.95518	-0.0845384	0.500032	0.249523	0.5	0.28798
26.678	8.74019	4.95432	-0.0792992	0.499907	0.249259	0.5	0.28798
26.699	8.75065	4.95351	-0.0740662	0.500165	0.248894	0.5	0.31416
26.719	8.76113	4.95276	-0.0688395	0.500223	0.248894	0.5	0.31416
26.74	8.7716	4.95207	-0.0630737	0.499938	0.278839	0.5	0.31416
26.762	8.78209	4.95144	-0.0572719	0.499997	0.276004	0.5	0.31416
26.783	8.79257	4.95087	-0.0514769	0.499982	0.275953	0.5	0.34034
26.802	8.80306	4.95035	-0.0457009	0.500135	0.274834	0.5	0.34034
26.824	8.81355	4.9499	-0.0398693	0.500001	0.277994	0.5	0.34034
26.846	8.82404	4.94952	-0.0334744	0.49995	0.305846	0.5	0.34034
26.867	8.83454	4.9492	-0.027139	0.499948	0.301702	0.5	0.34034
26.888	8.84503	4.94894	-0.0208018	0.500031	0.302446	0.5	0.34034
26.909	8.85553	4.94876	-0.0144438	0.500016	0.304651	0.5	0.36652
26.93	8.86603	4.94864	-0.0079344	0.499941	0.332577	0.5	0.36652
26.951	8.87653	4.94859	-0.000968116	0.500007	0.32901	0.5	0.36652
26.971	8.88653	4.94861	0.00559942	0.499922	0.326477	0.5	0.36652
26.992	8.89703	4.9487	0.0124667	0.500014	0.328354	0.5	0.3927
27.013	8.90753	4.94887	0.0193902	0.500091	0.33236	0.5	0.3927
27.034	8.91803	4.94911	0.02657	0.499894	0.357387	0.5	0.3927
27.055	8.92852	4.94942	0.0340534	0.500097	0.354979	0.5	0.3927
27.076	8.93901	4.94982	0.0414975	0.499877	0.353937	0.5	0.3927
27.097	8.9495	4.95029	0.0489226	0.499983	0.353247	0.5	0.3927
27.118	8.95999	4.95084	0.0564237	0.500039	0.360155	0.5	0.41888
27.138	8.97047	4.95147	0.0643085	0.499883	0.384892	0.5	0.41888
27.159	8.98144	4.95222	0.0726971	0.500102	0.379618	0.5	0.41888
27.182	8.99191	4.95303	0.0806752	0.499861	0.380002	0.5	0.41888
27.203	9.00238	4.95391	0.0886647	0.500041	0.380557	0.5	0.44506
27.224	9.01283	4.95488	0.0968164	0.499974	0.389449	0.5	0.44506
27.245	9.02328	4.95594	0.105406	0.499895	0.411071	0.5	0.44506
27.265	9.03371	4.95709	0.113948	0.500338	0.406577	0.5	0.44506
27.287	9.04414	4.95832	0.122477	0.499853	0.406606	0.5	0.47124
27.307	9.05456	4.95965	0.131016	0.500008	0.406556	0.5	0.47124
27.329	9.06496	4.96106	0.139635	0.49999	0.433773	0.5	0.47124
27.35	9.07535	4.96257	0.148747	0.499887	0.434532	0.5	0.47124
27.371	9.08573	4.96417	0.157861	0.50035	0.432111	0.5	0.47124
27.392	9.09609	4.96587	0.166938	0.499865	0.432635	0.5	0.47124
27.413	9.10644	4.96766	0.176024	0.499993	0.432696	0.5	0.49742
27.434	9.11677	4.96954	0.185348	0.499969	0.462435	0.5	0.49742
27.455	9.12708	4.97152	0.195044	0.499896	0.460755	0.5	0.49742
27.476	9.13737	4.9736	0.204695	0.500319	0.458226	0.5	0.5236
27.497	9.14764	4.97579	0.214322	0.49985	0.458654	0.5	0.5236
27.519	9.15838	4.97818	0.224554	0.500045	0.469544	0.5	0.5236
27.541	9.16909	4.98068	0.235185	0.499878	0.489596	0.5	0.5236
27.563	9.17977	4.9833	0.245872	0.499983	0.484626	0.5	0.5236
27.585	9.19043	4.98603	0.25655	0.499926	0.485471	0.5	0.5236
27.607	9.20105	4.98888	0.267227	0.499977	0.492405	0.5	0.5236
27.629	9.21165	4.99184	0.278133	0.499993	0.516809	0.5	0.5236
27.651	9.22221	4.99491	0.289475	0.49992	0.511231	0.5	0.5236
27.673	9.23274	4.99811	0.300715	0.500325	0.510216	0.5	0.5236
27.696	9.2437	5.00158	0.312471	0.499948	0.512534	0.5	0.5236
27.719	9.25462	5.00517	0.324237	0.499975	0.510872	0.5	0.5236
27.742	9.2655	5.0089	0.335988	0.499973	0.510875	0.5	0.5236
27.765	9.27634	5.01275	0.347766	0.499926	0.512342	0.5	0.5236
27.788	9.28713	5.01673	0.359516	0.500285	0.510289	0.5	0.5236
27.812	9.29834	5.02102	0.371774	0.499888	0.512478	0.5	0.5236
27.836	9.30949	5.02544	0.384056	0.499994	0.510747	0.5	0.5236
27.859	9.32059	5.03001	0.39631	0.499978	0.510416	0.5	0.5236
27.885	9.33209	5.0349	0.409107	0.499897	0.512358	0.5	0.5236
27.91	9.34353	5.03994	0.421872	0.499995	0.510329	0.5	0.5236
27.934	9.3549	5.04513	0.434649	0.499958	0.512484	0.5	0.5236
27.961	9.36666	5.05068	0.447943	0.499916	0.510411	0.5	0.5236
27.987	9.37834	5.05639	0.461235	0.500275	0.512441	0.5	0.5236
28.013	9.38994	5.06225	0.474543	0.499966	0.510223	0.5	0.5236
28.039	9.40235	5.06873	0.48885	0.499999	0.511607	0.5	0.5236
28.069	9.41466	5.07539	0.503186	0.500224	0.510219	0.5	0.5236
28.097	9.42688	5.08222	0.51749	0.499957	0.511837	0.5	0.5236
28.126	9.43943	5.08949	0.532341	0.499929	0.512219	0.5	0.5236
28.156	9.4523	5.0972	0.547661	0.499952	0.511875	0.5	0.5236
28.186	9.46505	5.1051	0.563002	0.49995	0.511114	0.5	0.5236
28.217	9.47809	5.11347	0.578856	0.500232	0.511839	0.5	0.5236
28.25	9.49183	5.12261	0.595725	0.499902	0.510932	0.5	0.5236
28.283	9.50582	5.13227	0.613112	0.499958	0.511796	0.5	0.5236
28.32	9.52045	5.14276	0.631507	0.500252	0.5111	0.5	0.5236
28.358	9.53567	5.15412	0.650935	0.499942	0.51063	0.5	0.5236
28.399	9.55185	5.16671	0.671897	0.499856	0.511529	0.5	0.5236
28.444	9.5693	5.18091	0.69489	0.499874	0.511281	0.5	0.5236
28.495	9.58868	5.19749	0.720948	0.500355	0.511377	0.5	0.5236
28.559	9.61274	5.21933	0.754162	0.499894	0.511328	0.5	0.5236
28.659	9.64795	5.25411	0.80474	0.500063	0.510121	0.5	0.5236
28.759	9.68169	5.29101	0.855852	0.499906	0.511079	0.5	0.5236
28.86	9.71381	5.32997	0.907477	0.499848	0.511048	0.5	0.5236
28.96	9.74359	5.37013	0.95858	0.500055	0.511642	0.5	0.49742
29.062	9.77181	5.4126	1.00954	0.500279	0.483944	0.5	0.47124
29.163	9.79766	5.45598	1.05739	0.499933	0.457573	0.5	0.44506
29.263	9.82123	5.50007	1.10209	0.499964	0.432558	0.5	0.41888
29.364	9.84307	5.5456	1.14454	0.499922	0.406902	0.5	0.3927
29.464	9.86283	5.59152	1.18402	0.499934	0.378544	0.5	0.36652
29.565	9.881	5.63864	1.22119	0.500086	0.354248	0.5	0.34034
29.665	9.89731	5.6859	1.2555	0.499943	0.326998	0.5	0.31416
29.765	9.91205	5.73367	1.28708	0.499903	0.302207	0.5	0.28798
29.866	9.92547	5.78236	1.31631	0.500203	0.274872	0.5	0.2618
29.966	9.93741	5.83091	1.34259	0.49992	0.249437	0.5	0.23562
30.067	9.94824	5.88023	1.36646	0.499992	0.224366	0.5	0.20944
30.168	9.95794	5.92979	1.38782	0.499933	0.196656	0.5	0.18326
30.268	9.96657	5.97904	1.40626	0.500083	0.17143	0.5	0.15708
30.369	9.97443	6.02892	1.42219	0.499892	0.145132	0.5	0.10472
30.47	9.98157	6.07891	1.43544	0.500085	0.118684	0.5	0.10472
30.57	9.98804	6.12849	1.44593	0.49995	0.0925735	0.5	0.07854
30.671	9.99412	6.17863	1.45387	0.500006	0.0667764	0.5	0.05236
30.771	9.9998	6.2283	1.45907	0.500023	0.0400782	0.5	0.02618
30.872	10.0053	6.2785	1.46181	0.500022	0.0144193	0.5	6.93889e-18
30.973	10.0108	6.3287	1.46181	0.499941	-0.0120582	0.5	6.93889e-18
31.073	10.0163	6.3784	1.46059	0.500018	-0.0123629	0.5	6.93889e-18
31.174	10.0219	6.42859	1.45934	0.499991	-0.0128228	0.5	6.93889e-18
31.274	10.0275	6.47827	1.45811	0.499979	-0.0120294	0.5	6.93889e-18
31.375	10.0332	6.52845	1.45686	0.500051	-0.0124688	0.5	6.93889e-18
31.476	10.039	6.57862	1.45561	0.499907	-0.0124148	0.5	6.93889e-18
31.576	10.0447	6.62828	1.45436	0.50004	-0.0121142	0.5	6.93889e-18
31.677	10.0506	6.67844	1.45311	0.499977	-0.0127457	0.5	6.93889e-18
31.778	10.0566	6.72859	1.45187	0.499957	-0.0120397	0.5	6.93889e-18
31.878	10.0625	6.77823	1.45064	0.5001	-0.0125684	0.5	6.93889e-18
31.979	10.0686	6.82836	1.44939	0.499884	-0.0124222	0.5	6.93889e-18
32.079	10.0747	6.87799	1.44815	0.500054	-0.0118901	0.5	6.93889e-18
32.18	10.0809	6.92811	1.44691	0.499976	-0.0125934	0.5	6.93889e-18
32.282	10.0873	6.97871	1.44564	0.499967	-0.0120628	0.5	6.93889e-18
32.382	10.0935	7.02832	1.4444	0.500098	-0.0127731	0.5	6.93889e-18
32.482	10.0999	7.07791	1.44316	0.499897	-0.0122214	0.5	6.93889e-18
32.583	10.1063	7.128	1.44191	0.500123	-0.0125562	0.5	6.93889e-18
32.683	10.1128	7.17758	1.44068	0.499939	-0.0124136	0.5	6.93889e-18
32.784	10.1194	7.22765	1.43943	0.499993	-0.0123812	0.5	6.93889e-18
32.884	10.1259	7.27721	1.4382	0.500054	-0.0121444	0.5	6.93889e-18
32.986	10.1327	7.32776	1.43695	0.499913	-0.0121886	0.5	6.93889e-18
33.086	10.1394	7.37731	1.4357	0.500133	-0.0124155	0.5	6.93889e-18
33.187	10.1463	7.42735	1.43446	0.499896	-0.0124361	0.5	6.93889e-18
33.288	10.1532	7.47737	1.43321	0.500044	-0.0123386	0.5	6.93889e-18
33.389	10.1601	7.52739	1.43198	0.500015	-0.0119166	0.5	6.93889e-18
33.489	10.1671	7.57691	1.43073	0.499917	-0.0123593	0.5	6.93889e-18
33.589	10.1741	7.62641	1.4295	0.500142	-0.0123547	0.5	6.93889e-18
33.689	10.1811	7.67591	1.42827	0.499887	-0.0122305	0.5	6.93889e-18
33.791	10.1884	7.72639	1.427	0.500065	-0.0122002	0.5	6.93889e-18
33.891	10.1956	7.77587	1.42576	0.500003	-0.0125632	0.5	6.93889e-18
33.991	10.2029	7.82534	1.42452	0.499935	-0.0121414	0.5	6.93889e-18
34.091	10.2102	7.8748	1.42329	0.500081	-0.0122873	0.5	6.93889e-18
34.193	10.2177	7.92524	1.42203	0.499917	-0.0123264	0.5	6.93889e-18
34.293	10.2252	7.97469	1.42079	0.500061	-0.0125987	0.5	6.93889e-18
34.394	10.2327	8.02461	1.41954	0.499961	-0.0122519	0.5	6.93889e-18
34.498	10.2406	8.07601	1.41825	0.500061	-0.0128735	0.5	6.93889e-18
34.599	10.2483	8.12592	1.417	0.499912	-0.0121532	0.5	6.93889e-18
34.7	10.2561	8.17582	1.41575	0.500085	-0.0123744	0.5	6.93889e-18
34.8	10.2638	8.22522	1.41452	0.499903	-0.0124469	0.5	6.93889e-18
34.901	10.2717	8.2751	1.41326	0.500078	-0.0117857	0.5	6.93889e-18
35.002	10.2797	8.32497	1.412	0.499992	-0.0127806	0.5	6.93889e-18
35.103	10.2877	8.37483	1.41075	0.499951	-0.01199	0.5	6.93889e-18
35.204	10.2958	8.42468	1.40949	0.500114	-0.0128466	0.5	6.93889e-18
35.305	10.3039	8.47452	1.40825	0.499914	-0.0122731	0.5	6.93889e-18
35.407	10.3123	8.52533	1.40697	0.500031	-0.0124826	0.5	6.93889e-18
35.509	10.3205	8.57515	1.40572	0.499987	-0.0124535	0.5	6.93889e-18
35.609	10.3289	8.62496	1.40447	0.500007	-0.0118834	0.5	6.93889e-18
35.71	10.3372	8.67426	1.40324	0.499988	-0.0129443	0.5	6.93889e-18
35.811	10.3456	8.72405	1.40198	0.500043	-0.0122634	0.5	6.93889e-18
35.912	10.3541	8.77383	1.40074	0.499939	-0.0121943	0.5	-0.05236
36.015	10.3629	8.82458	1.39929	0.500084	-0.040997	0.5	-0.07854
36.116	10.3717	8.87431	1.39293	0.499962	-0.0650431	0.5	-0.10472
36.216	10.3807	8.92349	1.3842	0.499985	-0.0991696	0.5	-0.1309
36.317	10.3904	8.97305	1.37243	0.500079	-0.131162	0.5	-0.15708
36.418	10.4007	9.02249	1.35789	0.499885	-0.161353	0.5	-0.18326
36.519	10.4117	9.07176	1.34076	0.500026	-0.174861	0.5	-0.20944
36.62	10.4237	9.12081	1.32106	0.500003	-0.203687	0.5	-0.23562
36.721	10.4368	9.16961	1.29856	0.500016	-0.239499	0.5	-0.2618
36.822	10.4509	9.21807	1.2734	0.499933	-0.258093	0.5	-0.28798
36.922	10.4662	9.26567	1.24589	0.500134	-0.28588	0.5	-0.31416
37.023	10.4831	9.31328	1.2154	0.499938	-0.316381	0.5	-0.34034
37.124	10.5014	9.36033	1.1824	0.500004	-0.328446	0.5	-0.36652
37.225	10.5214	9.40672	1.14659	0.499962	-0.368596	0.5	-0.3927
37.326	10.543	9.45234	1.10808	0.500142	-0.393117	0.5	-0.41888
37.428	10.5667	9.4975	1.06651	0.499949	-0.418761	0.5	-0.44506
37.529	10.592	9.54117	1.02259	0.500003	-0.447271	0.5	-0.47124
37.63	10.6193	9.58365	0.976053	0.499982	-0.47148	0.5	-0.49742
37.731	10.6486	9.62478	0.926861	0.500053	-0.514235	0.5	-0.5236
37.832	10.68	9.66437	0.874952	0.499881	-0.540336	0.5	-0.54978
37.934	10.7137	9.7026	0.819816	0.499986	-0.566726	0.5	-0.54978
38.034	10.7488	9.73818	0.763543	0.500049	-0.562076	0.5	-0.54978
38.104	10.7746	9.76189	0.724198	0.499938	-0.562132	0.5	-0.54978
38.156	10.7943	9.77883	0.69497	0.499998	-0.562128	0.5	-0.54978
38.201	10.8118	9.79303	0.669676	0.499909	-0.56213	0.5	-0.54978
38.241	10.8276	9.80527	0.647183	0.500176	-0.562089	0.5	-0.54978
38.278	10.8424	9.81627	0.626386	0.499677	-0.562006	0.5	-0.54978
38.312	10.8567	9.8264	0.60671	0.499935	-0.56204	0.5	-0.54978
38.347	10.8708	9.83596	0.5876	0.499993	-0.562094	0.5	-0.54978
38.379	10.8842	9.84471	0.569615	0.500003	-0.562141	0.5	-0.54978
38.41	10.8973	9.85296	0.552186	0.500016	-0.562287	0.5	-0.54978
38.439	10.9101	9.86072	0.535325	0.500042	-0.561895	0.5	-0.54978
38.469	10.9227	9.86802	0.519027	0.499971	-0.562065	0.5	-0.54978
38.497	10.9349	9.87487	0.503284	0.499963	-0.562325	0.5	-0.5236
38.525	10.9472	9.88153	0.48754	0.500119	-0.562217	0.5	-0.5236
38.551	10.9592	9.88777	0.472363	0.500034	-0.562116	0.5	-0.5236
38.578	10.9708	9.8936	0.457748	0.499939	-0.562136	0.5	-0.49742
38.603	10.9825	9.89927	0.443132	0.500176	-0.562185	0.5	-0.49742
38.629	10.9938	9.90455	0.429362	0.499933	-0.546382	0.5	-0.49742
38.654	11.0052	9.90968	0.416028	0.499861	-0.536158	0.5	-0.49742
38.679	11.0167	9.91466	0.402622	0.499971	-0.536429	0.5	-0.49742
38.702	11.0287	9.91967	0.388683	0.500039	-0.53588	0.5	-0.47124
38.729	11.0398	9.92415	0.375992	0.500049	-0.525847	0.5	-0.47124
38.752	11.051	9.92849	0.363821	0.500022	-0.509746	0.5	-0.47124
38.776	11.0622	9.9327	0.351585	0.500063	-0.510103	0.5	-0.44506
38.8	11.073	9.9366	0.339857	0.499994	-0.509673	0.5	-0.44506
38.823	11.0839	9.94037	0.328344	0.50006	-0.492162	0.5	-0.44506
38.846	11.0948	9.94402	0.317214	0.499955	-0.479502	0.5	-0.44506
38.869	11.1057	9.94755	0.306103	0.499823	-0.48409	0.5	-0.44506
38.892	11.1167	9.95096	0.294977	0.49992	-0.483585	0.5	-0.41888
38.914	11.1273	9.9541	0.284362	0.500084	-0.475822	0.5	-0.41888
38.935	11.1378	9.95713	0.274007	0.499836	-0.453181	0.5	-0.41888
38.956	11.1484	9.96006	0.264005	0.499926	-0.457711	0.5	-0.41888
38.98	11.1591	9.96288	0.253937	0.500131	-0.457586	0.5	-0.3927
39.001	11.1697	9.96559	0.243873	0.499942	-0.457306	0.5	-0.3927
39.024	11.1804	9.9682	0.234044	0.5	-0.439431	0.5	-0.3927
39.045	11.1911	9.9707	0.224558	0.499884	-0.427351	0.5	-0.3927
39.068	11.2019	9.9731	0.215084	0.499969	-0.431625	0.5	-0.3927
39.089	11.2121	9.9753	0.206022	0.499995	-0.431484	0.5	-0.3927
39.109	11.2224	9.9774	0.19697	0.500084	-0.43101	0.5	-0.36652
39.131	11.2327	9.97941	0.188179	0.499787	-0.417297	0.5	-0.36652
39.152	11.2431	9.98134	0.179751	0.500007	-0.400537	0.5	-0.36652
39.173	11.2534	9.98317	0.171242	0.500034	-0.405318	0.5	-0.36652
39.194	11.2638	9.98492	0.162731	0.500059	-0.404932	0.5	-0.34034
39.215	11.2741	9.98658	0.15428	0.500048	-0.38729	0.5	-0.34034
39.236	11.2845	9.98815	0.146197	0.499966	-0.374922	0.5	-0.34034
39.257	11.2949	9.98964	0.138302	0.50005	-0.379175	0.5	-0.34034
39.278	11.3053	9.99105	0.13034	0.50007	-0.378997	0.5	-0.34034
39.299	11.3157	9.99237	0.122382	0.499934	-0.3789	0.5	-0.31416
39.319	11.3261	9.99362	0.114519	0.50005	-0.3672	0.5	-0.31416
39.341	11.3366	9.99478	0.106979	0.499911	-0.348104	0.5	-0.31416
39.362	11.347	9.99586	0.0996231	0.499903	-0.35273	0.5	-0.31416
39.38	11.3575	9.99687	0.0922123	0.500015	-0.35304	0.5	-0.28798
39.402	11.3679	9.9978	0.0848033	0.500184	-0.35264	0.5	-0.28798
39.425	11.3784	9.99865	0.0776525	0.499937	-0.333053	0.5	-0.28798
39.446	11.3889	9.99943	0.0708031	0.499996	-0.322717	0.5	-0.28798
39.466	11.3993	10.0001	0.063961	0.499914	-0.327054	0.5	-0.28798
39.488	11.4098	10.0008	0.0570991	0.49997	-0.326661	0.5	-0.2618
39.509	11.4203	10.0013	0.0502427	0.499979	-0.326456	0.5	-0.2618
39.53	11.4308	10.0018	0.0436776	0.499949	-0.310322	0.5	-0.2618
39.551	11.4413	10.0023	0.0374322	0.499812	-0.296036	0.5	-0.2618
39.572	11.4518	10.0026	0.0311234	0.499992	-0.300637	0.5	-0.2618
39.592	11.4623	10.0029	0.02481	0.500036	-0.300278	0.5	-0.2618
39.612	11.4728	10.0032	0.0185436	0.500077	-0.280533	0.5	-0.23562
39.635	11.4833	10.0033	0.0126725	0.500041	-0.270476	0.5	-0.23562
39.656	11.4938	10.0034	0.00697543	0.499935	-0.274751	0.5	-0.23562
39.677	11.5043	10.0035	0.00120847	0.500041	-0.274191	0.5	-0.23562
39.697	11.5143	10.0035	-0.00427458	0.500094	-0.274	0.5	-0.20944
39.717	11.5248	10.0034	-0.00993414	0.499956	-0.258259	0.5	-0.20944
39.739	11.5353	10.0032	-0.0152563	0.500009	-0.243787	0.5	-0.20944
39.76	11.5458	10.0031	-0.0204111	0.499985	-0.248199	0.5	-0.20944
39.781	11.5563	10.0028	-0.0256233	0.499914	-0.248204	0.5	-0.20944
39.802	11.5668	10.0025	-0.0308324	0.500022	-0.247889	0.5	-0.18326
39.823	11.5773	10.0022	-0.0358433	0.500004	-0.230182	0.5	-0.18326
39.844	11.5878	10.0018	-0.0405297	0.499904	-0.217893	0.5	-0.18326
39.865	11.5982	10.0013	-0.0451617	0.500026	-0.222222	0.5	-0.18326
39.886	11.6087	10.0008	-0.0498229	0.500084	-0.221835	0.5	-0.15708
39.907	11.6192	10.0003	-0.0544807	0.499951	-0.221781	0.5	-0.15708
39.928	11.6297	9.99969	-0.0588522	0.500006	-0.203916	0.5	-0.15708
39.949	11.6402	9.99905	-0.0629256	0.500051	-0.191628	0.5	-0.15708
39.97	11.6507	9.99837	-0.067025	0.499981	-0.195808	0.5	-0.1309
39.991	11.6611	9.99765	-0.0711414	0.500014	-0.196043	0.5	-0.1309
40.012	11.6716	9.99688	-0.0752511	0.500055	-0.195683	0.5	-0.1309
40.033	11.6821	9.99607	-0.0789302	0.50001	-0.165308	0.5	-0.1309
40.054	11.6925	9.99523	-0.0824116	0.500053	-0.170248	0.5	-0.1309
40.075	11.703	9.99435	-0.0859843	0.499957	-0.169437	0.5	-0.1309
40.096	11.7135	9.99343	-0.0895413	0.500076	-0.16914	0.5	-0.10472
40.117	11.7239	9.99247	-0.0930158	0.500003	-0.153649	0.5	-0.10472
40.137	11.7344	9.99148	-0.0961554	0.499959	-0.139149	0.5	-0.10472
40.159	11.7448	9.99046	-0.0991078	0.500038	-0.143467	0.5	-0.10472
40.18	11.7553	9.9894	-0.10212	0.499906	-0.143386	0.5	-0.07854
40.201	11.7657	9.98832	-0.10513	0.499997	-0.143275	0.5	-0.07854
40.222	11.7762	9.9872	-0.107943	0.500075	-0.123642	0.5	-0.07854
40.243	11.7866	9.98606	-0.110426	0.499912	-0.113345	0.5	-0.07854
40.264	11.797	9.98489	-0.112857	0.500007	-0.117562	0.5	-0.07854
40.285	11.8075	9.98369	-0.115321	0.500081	-0.117215	0.5	-0.07854
40.306	11.8179	9.98247	-0.11778	0.499897	-0.117032	0.5	-0.05236
40.327	11.8283	9.98123	-0.119996	0.500011	-0.100914	0.5	-0.05236
40.348	11.8387	9.97996	-0.121884	0.50006	-0.0864757	0.5	-0.05236
40.369	11.8492	9.97868	-0.123781	0.499923	-0.0912657	0.5	-0.05236
40.39	11.8596	9.97737	-0.125698	0.500041	-0.0912654	0.5	-0.02618
40.411	11.87	9.97604	-0.127604	0.500079	-0.0907013	0.5	-0.02618
40.432	11.8804	9.9747	-0.129163	0.499954	-0.0724947	0.5	-0.02618
40.453	11.8908	9.97334	-0.130449	0.500011	-0.065476	0.5	-0.02618
40.474	11.9012	9.97197	-0.131822	0.500013	-0.0645056	0.5	-0.02618
40.495	11.9116	9.97058	-0.133178	0.499968	-0.0647406	0.5	-0.02618
40.515	11.922	9.96918	-0.13446	0.500012	-0.0454039	0.5	-0.02618
40.536	11.9324	9.96777	-0.13536	0.500001	-0.0346947	0.5	-0.02618
40.557	11.9428	9.96635	-0.136112	0.50003	-0.0386104	0.5	-0.02618
40.579	11.9533	9.96492	-0.136926	0.499927	-0.0391469	0.5	-0.02618
40.599	11.9637	9.96348	-0.137743	0.500068	-0.0384309	0.5	-0.02618
40.621	11.9741	9.96204	-0.138548	0.499991	-0.0381946	0.5	-0.02618
40.642	11.9844	9.96058	-0.139352	0.499918	-0.038436	0.5	-0.02618
40.663	11.9948	9.95912	-0.140161	0.500111	-0.0385856	0.5	-0.02618
40.684	12.0052	9.95765	-0.140969	0.499977	-0.0384016	0.5	-0.02618
40.705	12.0156	9.95617	-0.141776	0.499933	-0.0384449	0.5	-0.02618
40.725	12.026	9.95468	-0.142586	0.500178	-0.0386659	0.5	-0.02618
40.747	12.0364	9.95318	-0.143396	0.499894	-0.0384936	0.5	-0.02618
40.768	12.0468	9.95168	-0.144205	0.499984	-0.0385649	0.5	-0.02618
40.789	12.0572	9.95017	-0.145017	0.500107	-0.0386601	0.5	-0.02618
40.81	12.0676	9.94865	-0.145825	0.499899	-0.0384329	0.5	-0.02618
40.831	12.078	9.94712	-0.146637	0.499992	-0.0386957	0.5	-0.02618
40.852	12.0884	9.94558	-0.147449	0.500067	-0.038685	0.5	-0.02618
40.872	12.0988	9.94403	-0.148248	0.499934	-0.0380494	0.5	-0.02618
40.892	12.1091	9.94248	-0.14906	0.500024	-0.0387989	0.5	-0.02618
40.915	12.1195	9.94091	-0.149874	0.50002	-0.0382579	0.5	-0.02618
40.936	12.1299	9.93934	-0.150677	0.499944	-0.0383112	0.5	-0.02618
40.957	12.1403	9.93776	-0.151484	0.500011	-0.038859	0.5	-0.02618
40.978	12.1507	9.93617	-0.152298	0.500036	-0.0384981	0.5	-0.02618
40.999	12.161	9.93458	-0.153104	0.499967	-0.0380675	0.5	-0.02618
41.02	12.1714	9.93297	-0.153909	0.5	-0.0387773	0.5	-0.02618
41.041	12.1818	9.93136	-0.154725	0.500051	-0.0390285	0.5	-0.02618
41.061	12.1922	9.92973	-0.155537	0.500032	-0.0382397	0.5	-0.02618
41.083	12.2025	9.9281	-0.15634	0.499941	-0.0382331	0.5	-0.02618
41.104	12.2129	9.92647	-0.157152	0.500093	-0.0390059	0.5	-0.02618
41.125	12.2233	9.92482	-0.157964	0.499966	-0.0384396	0.5	-0.02618
41.146	12.2337	9.92316	-0.158769	0.499943	-0.0383116	0.5	-0.02618
41.167	12.244	9.9215	-0.15958	0.500121	-0.0387299	0.5	-0.02618
41.187	12.2544	9.91983	-0.160391	0.499914	-0.0385682	0.5	-0.02618
41.209	12.2648	9.91814	-0.161199	0.499962	-0.0384256	0.5	-0.02618
41.23	12.2751	9.91646	-0.162006	0.500159	-0.0384526	0.5	-0.02618
41.25	12.2855	9.91476	-0.162815	0.499898	-0.0385327	0.5	-0.02618
41.272	12.2958	9.91305	-0.163623	0.500002	-0.0384777	0.5	-0.02618
41.293	12.3062	9.91134	-0.164432	0.500112	-0.0382983	0.5	-0.02618
41.312	12.3166	9.90961	-0.165237	0.499881	-0.0385116	0.5	-0.02618
41.332	12.3269	9.90788	-0.166046	0.500045	-0.0386525	0.5	-0.02618
41.356	12.3373	9.90614	-0.166858	0.500089	-0.0387719	0.5	-0.02618
41.377	12.3476	9.9044	-0.167669	0.499913	-0.037976	0.5	-0.02618
41.398	12.358	9.90264	-0.168471	0.500087	-0.0387376	0.5	-0.02618
41.419	12.3683	9.90088	-0.169285	0.50002	-0.0387908	0.5	-0.02618
41.44	12.3787	9.8991	-0.170094	0.499947	-0.0381442	0.5	-0.02618
41.461	12.389	9.89732	-0.170899	0.500046	-0.038572	0.5	-0.02618
41.482	12.3994	9.89553	-0.171712	0.50001	-0.0388818	0.5	-0.02618
41.503	12.4097	9.89373	-0.172524	0.49999	-0.0383772	0.5	-0.02618
41.523	12.4201	9.89193	-0.173326	0.500007	-0.0381135	0.5	-0.02618
41.545	12.4304	9.89011	-0.174136	0.49998	-0.0388175	0.5	-0.02618
41.566	12.4407	9.88829	-0.174948	0.50004	-0.0385962	0.5	-0.02618
41.587	12.4511	9.88646	-0.175753	0.499931	-0.0382175	0.5	-0.02618
41.608	12.4614	9.88462	-0.176563	0.50004	-0.0386869	0.5	-0.02618
41.629	12.4717	9.88277	-0.177381	0.499974	-0.03903	0.5	-0.02618
41.65	12.4821	9.88091	-0.178189	0.499972	-0.0383738	0.5	-0.02618
41.671	12.4924	9.87905	-0.178994	0.50009	-0.0383566	0.5	-0.02618
41.692	12.5027	9.87717	-0.179812	0.499901	-0.0389639	0.5	-0.02618
41.713	12.5131	9.87529	-0.18062	0.500012	-0.0384322	0.5	-0.02618
41.734	12.5234	9.8734	-0.181427	0.500093	-0.038487	0.5	-0.02618
41.755	12.5337	9.8715	-0.182236	0.499889	-0.0385274	0.5	-0.02618
41.775	12.5441	9.8696	-0.183045	0.500049	-0.0385527	0.5	-0.02618
41.797	12.5544	9.86768	-0.183854	0.500042	-0.0385406	0.5	-0.02618
41.818	12.5647	9.86576	-0.184661	0.499898	-0.0381225	0.5	-0.02618
41.839	12.575	9.86383	-0.185465	0.500056	-0.0385558	0.5	-0.02618
41.859	12.5853	9.86189	-0.186275	0.500003	-0.0386656	0.5	-0.02618
41.881	12.5957	9.85994	-0.187088	0.499904	-0.03875	0.5	-0.02618
41.901	12.606	9.85798	-0.187897	0.500075	-0.0382672	0.5	-0.02618
41.922	12.6163	9.85601	-0.188706	0.499989	-0.0387808	0.5	-0.02618
41.944	12.6266	9.85404	-0.189521	0.499936	-0.0388493	0.5	-0.02618
41.965	12.6369	9.85206	-0.190327	0.500052	-0.0380397	0.5	-0.02618
41.986	12.6472	9.85007	-0.191135	0.49998	-0.0387011	0.5	-0.02618
42.007	12.6575	9.84807	-0.191951	0.49998	-0.0389165	0.5	-0.02618
42.028	12.6678	9.84606	-0.192756	0.499992	-0.0381605	0.5	-0.02618
42.049	12.6781	9.84405	-0.193558	0.5	-0.0381771	0.5	-0.02618
42.07	12.6884	9.84202	-0.194374	0.500021	-0.0390025	0.5	-0.02618
42.091	12.6987	9.83999	-0.195181	0.499954	-0.0383762	0.5	-0.02618
42.112	12.709	9.83795	-0.195984	0.500046	-0.0382344	0.5	-0.02618
42.133	12.7193	9.8359	-0.196801	0.499994	-0.0387013	0.5	-0.02618
42.154	12.7296	9.83385	-0.197612	0.499952	-0.0383078	0.5	-0.02618
42.175	12.7399	9.83178	-0.198417	0.500115	-0.0383906	0.5	-0.02618
42.196	12.7502	9.82971	-0.199226	0.499917	-0.0390776	0.5	-0.02618
42.217	12.7605	9.82762	-0.200044	0.499991	-0.0384363	0.5	-0.02618
42.238	12.7708	9.82553	-0.200851	0.500075	-0.0384477	0.5	-0.02618
42.258	12.7811	9.82344	-0.201659	0.499882	-0.0385788	0.5	-0.02618
42.28	12.7914	9.82133	-0.202469	0.500063	-0.038482	0.5	-0.02618
42.301	12.8017	9.81921	-0.203277	0.500058	-0.0384788	0.5	-0.02618
42.322	12.812	9.81709	-0.204086	0.499893	-0.0386035	0.5	-0.02618
42.343	12.8222	9.81496	-0.204895	0.500107	-0.0384643	0.5	-0.02618
42.364	12.8325	9.81282	-0.205704	0.499993	-0.0385491	0.5	-0.02618
42.385	12.8428	9.81067	-0.206515	0.499931	-0.0387081	0.5	-0.02618
42.406	12.8531	9.80851	-0.207329	0.500081	-0.0387387	0.5	-0.02618
42.427	12.8633	9.80635	-0.208139	0.499991	-0.0384966	0.5	-0.02618
42.448	12.8736	9.80417	-0.208952	0.499936	-0.0388164	0.5	-0.02618
42.469	12.8839	9.80199	-0.209767	0.500043	-0.0387784	0.5	-0.02618
42.49	12.8942	9.7998	-0.210568	0.499989	-0.0380398	0.5	-0.02618
42.511	12.9044	9.7976	-0.211379	0.499982	-0.0387046	0.5	-0.02618
42.532	12.9147	9.79539	-0.212196	0.500013	-0.0389284	0.5	-0.02618
42.552	12.925	9.79318	-0.212997	0.499993	-0.0384248	0.5	-0.02618
42.572	12.9352	9.79096	-0.213805	0.500027	-0.038957	0.5	-0.02618
42.595	12.9455	9.78872	-0.214621	0.499979	-0.0383182	0.5	-0.02618
42.616	12.9557	9.78648	-0.215426	0.500013	-0.0382328	0.5	-0.02618
42.637	12.966	9.78423	-0.216232	0.499975	-0.0388489	0.5	-0.02618
42.658	12.9762	9.78198	-0.217046	0.499983	-0.0385545	0.5	-0.02618
42.68	12.987	9.7796	-0.217891	0.500067	-0.0382577	0.5	-0.02618
42.701	12.9977	9.77722	-0.218735	0.499917	-0.0384232	0.5	-0.02618
42.724	13.0085	9.77483	-0.219584	0.500059	-0.0387095	0.5	-0.02618
42.746	13.0192	9.77243	-0.22043	0.499907	-0.0383702	0.5	-0.02618
42.768	13.0299	9.77002	-0.221276	0.500023	-0.0384857	0.5	-0.02618
42.789	13.0407	9.7676	-0.222129	0.49997	-0.0388219	0.5	-0.02618
42.812	13.0514	9.76518	-0.222977	0.499947	-0.038492	0.5	-0.02618
42.834	13.0621	9.76274	-0.223824	0.500033	-0.0385963	0.5	-0.02618
42.856	13.0728	9.76029	-0.224672	0.499898	-0.0385225	0.5	-0.02618
42.878	13.0836	9.75784	-0.22552	0.500089	-0.038594	0.5	-0.02618
42.9	13.0943	9.75537	-0.22637	0.499963	-0.0387286	0.5	-0.02618
42.922	13.105	9.7529	-0.227216	0.500003	-0.0380982	0.5	-0.02618
42.944	13.1157	9.75042	-0.22806	0.500057	-0.0385907	0.5	-0.02618
42.966	13.1264	9.74793	-0.228913	0.499918	-0.0388528	0.5	-0.02618
42.988	13.1371	9.74543	-0.229759	0.500074	-0.0383356	0.5	-0.02618
43.01	13.1479	9.74292	-0.230602	0.49995	-0.0383115	0.5	-0.02618
43.032	13.1586	9.7404	-0.231455	0.500059	-0.0388059	0.5	-0.02618
43.053	13.1693	9.73787	-0.232308	0.500028	-0.0380918	0.5	-0.02618
43.072	13.18	9.73533	-0.233148	0.499979	-0.0387088	0.5	-0.02618
43.098	13.1907	9.73279	-0.234001	0.49999	-0.0389827	0.5	-0.02618
43.12	13.2014	9.73023	-0.234853	0.499987	-0.0382346	0.5	-0.02618
43.142	13.2121	9.72767	-0.235693	0.49997	-0.0381058	0.5	-0.02618
43.163	13.2228	9.7251	-0.236542	0.500008	-0.0389891	0.5	-0.02618
43.186	13.2335	9.72251	-0.237391	0.499982	-0.0383757	0.5	-0.02618
43.208	13.2441	9.71992	-0.238233	0.499976	-0.0382561	0.5	-0.02618
43.23	13.2548	9.71732	-0.239083	0.500046	-0.0387008	0.5	-0.02618
43.252	13.2655	9.71471	-0.239932	0.499928	-0.0385758	0.5	-0.02618
43.274	13.2762	9.71209	-0.240776	0.500047	-0.0384137	0.5	-0.02618
43.295	13.2869	9.70947	-0.241622	0.499908	-0.0386779	0.5	-0.02618
43.318	13.2976	9.70683	-0.242473	0.500054	-0.0385747	0.5	-0.02618
43.34	13.3082	9.70419	-0.243321	0.499953	-0.038515	0.5	-0.02618
43.362	13.3189	9.70153	-0.244169	0.499951	-0.0385819	0.5	-0.02618
43.383	13.3296	9.69887	-0.245018	0.500032	-0.0385711	0.5	-0.02618
43.402	13.3412	9.69595	-0.245944	0.499955	-0.0385781	0.5	-0.02618
43.43	13.3519	9.69327	-0.246788	0.500079	-0.038265	0.5	-0.02618
43.452	13.3626	9.69058	-0.247634	0.499912	-0.0385435	0.5	-0.02618
43.474	13.3732	9.68788	-0.248487	0.500072	-0.0387804	0.5	-0.02618
43.496	13.3839	9.68517	-0.249336	0.499979	-0.0382979	0.5	-0.02618
43.518	13.3945	9.68245	-0.25018	0.499962	-0.0387412	0.5	-0.02618
43.54	13.4052	9.67972	-0.251033	0.50005	-0.0387613	0.5	-0.02618
43.562	13.4159	9.67698	-0.251881	0.499931	-0.0381326	0.5	-0.02618
43.584	13.4265	9.67424	-0.252724	0.50005	-0.038632	0.5	-0.02618
43.606	13.4372	9.67148	-0.253578	0.500002	-0.0389304	0.5	-0.02618
43.628	13.4478	9.66872	-0.254427	0.500028	-0.0383511	0.5	-0.02618
43.65	13.4584	9.66595	-0.255266	0.500015	-0.0380386	0.5	-0.02618
43.671	13.4691	9.66316	-0.256118	0.5	-0.0389667	0.5	-0.02618
43.694	13.4797	9.66037	-0.256968	0.499958	-0.0385747	0.5	-0.02618
43.715	13.4904	9.65757	-0.257807	0.500019	-0.0388325	0.5	-0.02618
43.738	13.501	9.65477	-0.258661	0.499939	-0.038695	0.5	-0.02618
43.76	13.5116	9.65195	-0.259511	0.50004	-0.0382928	0.5	-0.02618
43.782	13.5223	9.64912	-0.260354	0.499971	-0.038354	0.5	-0.02618
43.802	13.5348	9.64577	-0.26136	0.500128	-0.0390392	0.5	-0.02618
43.829	13.5455	9.64292	-0.26221	0.499896	-0.0384739	0.5	-0.02618
43.852	13.5561	9.64007	-0.263054	0.500047	-0.0383382	0.5	-0.02618
43.874	13.5667	9.6372	-0.263902	0.500043	-0.0385568	0.5	-0.02618
43.896	13.5773	9.63433	-0.26475	0.499942	-0.0384345	0.5	-0.02618
43.917	13.5879	9.63144	-0.265596	0.500155	-0.0385242	0.5	-0.02618
43.94	13.5985	9.62855	-0.266444	0.499884	-0.0385396	0.5	-0.02618
43.962	13.6092	9.62565	-0.267292	0.5001	-0.0385761	0.5	-0.02618
43.984	13.6198	9.62274	-0.268141	0.49994	-0.0386201	0.5	-0.02618
44.005	13.6304	9.61982	-0.268987	0.499993	-0.0382985	0.5	-0.02618
44.028	13.641	9.6169	-0.269832	0.500078	-0.0385081	0.5	-0.02618
44.05	13.6516	9.61396	-0.270682	0.499933	-0.0387035	0.5	-0.02618
44.072	13.6622	9.61101	-0.271536	0.500033	-0.0388233	0.5	-0.02618
44.094	13.6728	9.60806	-0.272374	0.499971	-0.0380013	0.5	-0.02618
44.115	13.6834	9.6051	-0.273226	0.500009	-0.0388758	0.5	-0.02618
44.138	13.694	9.60212	-0.274079	0.500037	-0.0381125	0.5	-0.02618
44.16	13.7045	9.59914	-0.274919	0.499988	-0.0384654	0.5	-0.02618
44.178	13.7151	9.59615	-0.275768	0.499996	-0.0388822	0.5	-0.02618
44.204	13.7257	9.59315	-0.276619	0.500014	-0.03836	0.5	-0.02618
44.226	13.7363	9.59014	-0.277461	0.500019	-0.0381972	0.5	-0.02618
44.248	13.7469	9.58713	-0.278309	0.500043	-0.0387858	0.5	-0.02618
44.27	13.7574	9.5841	-0.27916	0.49998	-0.0386657	0.5	-0.02618
44.292	13.768	9.58106	-0.280003	0.499986	-0.0382123	0.5	-0.02618
44.314	13.7786	9.57802	-0.280847	0.500015	-0.0383558	0.5	-0.02618
44.336	13.7892	9.57497	-0.281705	0.499929	-0.0383541	0.5	-0.02618
44.357	13.7997	9.57191	-0.282549	0.500123	-0.0384416	0.5	-0.02618
44.38	13.8103	9.56883	-0.283397	0.499899	-0.0389171	0.5	-0.02618
44.402	13.8208	9.56575	-0.28425	0.500047	-0.0384812	0.5	-0.02618
44.424	13.8314	9.56266	-0.285097	0.500005	-0.0385411	0.5	-0.02618
44.446	13.842	9.55957	-0.285944	0.499945	-0.0384515	0.5	-0.02618
44.468	13.8525	9.55646	-0.286791	0.500178	-0.0385197	0.5	-0.02618
44.49	13.8631	9.55334	-0.287639	0.499873	-0.0385621	0.5	-0.02618
44.512	13.8736	9.55022	-0.288487	0.500104	-0.0385287	0.5	-0.02618
44.534	13.8841	9.54709	-0.289327	0.499955	-0.0381393	0.5	-0.02618
44.556	13.8947	9.54394	-0.290175	0.500005	-0.0386532	0.5	-0.02618
44.577	13.9052	9.54079	-0.291025	0.500095	-0.0387324	0.5	-0.02618
44.6	13.9158	9.53763	-0.291875	0.499919	-0.038282	0.5	-0.02618
44.622	13.9263	9.53446	-0.292721	0.500086	-0.0387791	0.5	-0.02618
44.644	13.9368	9.53128	-0.293574	0.499943	-0.0387752	0.5	-0.02618
44.666	13.9474	9.5281	-0.294419	0.500045	-0.0380815	0.5	-0.02618
44.688	13.9579	9.5249	-0.295265	0.500023	-0.0386421	0.5	-0.02618
44.71	13.9684	9.52169	-0.296118	0.499988	-0.0388915	0.5	-0.02618
44.731	13.9789	9.51848	-0.296962	0.50001	-0.0382047	0.5	-0.02618
44.754	13.9894	9.51526	-0.2978	0.499964	-0.0380805	0.5	-0.02618
44.775	14	9.51202	-0.298655	0.499986	-0.0384455	0.5	-0.02618
44.799	14.0109	9.50864	-0.299538	0.499992	-0.0381508	0.5	-0.02618
44.822	14.0219	9.50524	-0.300419	0.49997	-0.0387233	0.5	-0.02618
44.845	14.0329	9.50183	-0.30131	0.500083	-0.0387388	0.5	-0.02618
44.868	14.0439	9.49841	-0.302196	0.499957	-0.0383305	0.5	-0.02618
44.891	14.0549	9.49499	-0.303076	0.500069	-0.0382644	0.5	-0.02618
44.914	14.0658	9.49155	-0.303971	0.499911	-0.039051	0.5	-0.02618
44.937	14.0768	9.4881	-0.304855	0.500049	-0.0383468	0.5	-0.02618
44.957	14.0878	9.48465	-0.30574	0.499911	-0.0388358	0.5	-0.02618
44.983	14.0988	9.48118	-0.306631	0.500033	-0.0385687	0.5	-0.02618
45.006	14.1097	9.4777	-0.307517	0.499948	-0.0384737	0.5	-0.02618
45.028	14.1207	9.47422	-0.308404	0.500018	-0.0386243	0.5	-0.02618
45.052	14.1316	9.47072	-0.309289	0.499976	-0.0384599	0.5	-0.02618
45.075	14.1426	9.46722	-0.310177	0.500003	-0.0386048	0.5	-0.02618
45.098	14.1535	9.4637	-0.311066	0.500006	-0.0381927	0.5	-0.02618
45.121	14.1645	9.46018	-0.311947	0.499989	-0.0385423	0.5	-0.02618
45.144	14.1754	9.45664	-0.312835	0.500038	-0.0387433	0.5	-0.02618
45.167	14.1864	9.4531	-0.313726	0.499981	-0.0387676	0.5	-0.02618
45.19	14.1973	9.44955	-0.314607	0.500024	-0.0380132	0.5	-0.02618
45.212	14.2082	9.44598	-0.315494	0.499969	-0.0387216	0.5	-0.02618
45.236	14.2192	9.44241	-0.316387	0.50001	-0.0380972	0.5	-0.02618
45.258	14.2301	9.43883	-0.317265	0.499967	-0.0386085	0.5	-0.02618
45.281	14.241	9.43524	-0.318156	0.500012	-0.0389656	0.5	-0.02618
45.305	14.2519	9.43163	-0.319046	0.499967	-0.0383351	0.5	-0.02618
45.328	14.2629	9.42802	-0.319924	0.499972	-0.0381134	0.5	-0.02618
45.351	14.2738	9.4244	-0.320814	0.499976	-0.0389254	0.5	-0.02618
45.374	14.2847	9.42077	-0.32171	0.499956	-0.0389715	0.5	-0.02618
45.397	14.2956	9.41713	-0.322591	0.500033	-0.0387075	0.5	-0.02618
45.419	14.3065	9.41348	-0.323483	0.499939	-0.0390795	0.5	-0.02618
45.443	14.3174	9.40982	-0.324376	0.500061	-0.0383299	0.5	-0.02618
45.466	14.3283	9.40615	-0.325258	0.499913	-0.0383618	0.5	-0.02618
45.489	14.3392	9.40247	-0.326148	0.500111	-0.0389767	0.45	-0.02618
45.512	14.3501	9.39878	-0.327036	0.499895	-0.0384703	0.45	-0.02618
45.535	14.361	9.39508	-0.32792	0.500102	-0.0384378	0.45	-0.02618
45.558	14.3719	9.39137	-0.328806	0.499883	-0.0385528	0.45	-0.02618
45.58	14.3827	9.38765	-0.329692	0.500087	-0.0384855	0.45	-0.02618
45.602	14.3941	9.38376	-0.330617	0.499885	-0.0385864	0.4	-0.02618
45.63	14.4049	9.38005	-0.331641	0.448947	-0.0425477	0.4	-0.02618
45.656	14.4159	9.37624	-0.332604	0.45055	-0.037549	0.4	-0.02618
45.682	14.427	9.37241	-0.333581	0.450331	-0.0377033	0.4	-0.02618
45.707	14.4379	9.36865	-0.334551	0.410424	-0.036905	0.35	-0.02618
45.737	14.4488	9.36482	-0.335663	0.399719	-0.0348245	0.35	-0.02618
45.766	14.4598	9.36099	-0.336689	0.403294	-0.0362331	0.35	-0.02618
45.794	14.4708	9.35713	-0.337768	0.399844	-0.0376684	0.3	-0.02618
45.827	14.4818	9.35327	-0.338964	0.350559	-0.0344592	0.3	-0.02618
45.86	14.4927	9.34942	-0.340103	0.35021	-0.0345892	0.3	-0.02618
45.893	14.5036	9.34556	-0.341251	0.350294	-0.0344851	0.25	-0.02618
45.93	14.5145	9.34167	-0.342531	0.298887	-0.0336124	0.25	-0.02618
45.968	14.5253	9.33783	-0.343793	0.300266	-0.0336704	0.25	-0.02618
46.007	14.5362	9.3339	-0.34511	0.261668	-0.0337618	0.2	-0.02618
46.053	14.5472	9.32996	-0.346634	0.250458	-0.0320016	0.2	-0.02618
46.098	14.558	9.32604	-0.348126	0.250296	-0.0323016	0.15	-0.02618
46.155	14.5688	9.3221	-0.349919	0.200369	-0.0307871	0.15	-0.02618
46.214	14.5796	9.31816	-0.351778	0.153989	-0.0307847	0.1	-0.02618
46.292	14.5905	9.31415	-0.354067	0.150307	-0.0300798	0.1	-0.02618
46.392	14.6004	9.31045	-0.35698	0.100287	-0.0286016	1.38778e-17	-0.02618
46.504	14.6063	9.30825	-0.360103	0.0502954	-0.0274442	1.38778e-17	-0.02618
46.606	14.6066	9.30814	-0.362785	0.000304446	-0.0263365	1.38778e-17	-0.02618
46.714	14.6066	9.30813	-0.365614	0.000373168	-0.0258454	1.38778e-17	-0.02618
46.814	14.6066	9.30814	-0.368186	0.00040247	-0.0259101	1.38778e-17	-0.02618
46.915	14.6066	9.30814	-0.370852	-1.8945e-05	-0.0257847	1.38778e-17	-0.02618
47.016	14.6066	9.30814	-0.373479	-6.9073e-05	-0.0265532	1.38778e-17	-0.02618
47.117	14.6066	9.30814	-0.376121	0.000141997	-0.0259827	1.38778e-17	-0.02618
47.218	14.6066	9.30814	-0.378765	-9.92656e-05	-0.0261237	1.38778e-17	-0.02618
47.321	14.6066	9.30814	-0.38146	6.18148e-05	-0.0263306	1.38778e-17	-0.02618
47.422	14.6066	9.30814	-0.384101	-3.4783e-05	-0.0257098	1.38778e-17	-0.02618
47.523	14.6066	9.30814	-0.386734	1.89429e-05	-0.0265104	1.38778e-17	-0.02618
47.624	14.6066	9.30814	-0.389388	1.70461e-05	-0.0257774	1.38778e-17	-0.02618
